{"mean":{"confidence_interval":{"confidence_level":0.95,"lower_bound":12713558.877,"upper_bound":12754811.5675},"point_estimate":12732223.5525,"standard_error":10572.764339461095},"median":{"confidence_interval":{"confidence_level":0.95,"lower_bound":12695756.25,"upper_bound":12715703.5},"point_estimate":12706524.625,"standard_error":4849.215161733937},"median_abs_dev":{"confidence_interval":{"confidence_level":0.95,"lower_bound":27290.908051114533,"upper_bound":46575.87817311287},"point_estimate":36582.78370052576,"standard_error":4839.343633793607},"slope":null,"std_dev":{"confidence_interval":{"confidence_level":0.95,"lower_bound":57315.73139814621,"upper_bound":145132.87878700192},"point_estimate":106356.78712233281,"standard_error":22634.969947120182}}