{"reason":"benchmark-complete","id":"day06.parse.nosum.realinput/parse","report_directory":"/home/ankit/homeserver/volumes/devhome/code/aoc/2023/rust/target/criterion/reports/day06.parse.nosum.realinput/parse","iteration_count":[4859,9718,14577,19436,24295,29154,34013,38872,43731,48590,53449,58308,63167,68026,72885,77744,82603,87462,92321,97180,102039,106898,111757,116616,121475,126334,131193,136052,140911,145770,150629,155488,160347,165206,170065,174924,179783,184642,189501,194360,199219,204078,208937,213796,218655,223514,228373,233232,238091,242950,247809,252668,257527,262386,267245,272104,276963,281822,286681,291540,296399,301258,306117,310976,315835,320694,325553,330412,335271,340130,344989,349848,354707,359566,364425,369284,374143,379002,383861,388720,393579,398438,403297,408156,413015,417874,422733,427592,432451,437310,442169,447028,451887,456746,461605,466464,471323,476182,481041,485900],"measured_values":[1008533.0,1874487.0,2936071.0,3913635.0,4888454.0,5710614.0,7013115.0,7529635.0,8435835.0,9409321.0,10726029.0,11478056.0,12814751.0,13091847.0,14058061.0,14916689.0,15992912.0,17133145.0,17848502.0,19995114.0,20404131.0,21019578.0,21292246.0,23203361.0,22998973.0,24879982.0,25009518.0,26416698.0,27140981.0,28001324.0,29049783.0,35445677.0,33617609.0,32823803.0,33614212.0,34568192.0,35100151.0,36061465.0,37442706.0,38587758.0,39385993.0,40287513.0,46832239.0,53762047.0,68507792.0,69595105.0,56573800.0,47062668.0,46374090.0,46036540.0,47771212.0,48304752.0,49995120.0,51238058.0,52755838.0,56135429.0,55079446.0,53910398.0,55373704.0,57613163.0,57742588.0,59920360.0,58786589.0,60020280.0,60864701.0,60835917.0,63803176.0,63317655.0,64146308.0,64646587.0,67664152.0,68415367.0,72777873.0,92649903.0,126500235.0,103435306.0,103998454.0,105416985.0,88745877.0,73873241.0,75258769.0,77241802.0,77393270.0,77706583.0,78808474.0,79958997.0,83008633.0,93077496.0,91241432.0,88938684.0,89705228.0,90318190.0,92856597.0,92825558.0,92546748.0,94603370.0,93981812.0,108529681.0,97024364.0,93986269.0],"unit":"ns","throughput":[],"typical":{"estimate":209.11935910604265,"lower_bound":202.3757476447696,"upper_bound":217.1207460779496,"unit":"ns"},"mean":{"estimate":205.99681286159802,"lower_bound":201.03348986546578,"upper_bound":211.82493871581906,"unit":"ns"},"median":{"estimate":196.895148310563,"lower_bound":195.2774080934196,"upper_bound":198.7034389972668,"unit":"ns"},"median_abs_dev":{"estimate":6.662703598448372,"lower_bound":4.840940866096676,"upper_bound":8.530447810840775,"unit":"ns"},"slope":{"estimate":209.11935910604265,"lower_bound":202.3757476447696,"upper_bound":217.1207460779496,"unit":"ns"},"change":{"mean":{"estimate":0.018755986377503975,"lower_bound":-0.010668150546224012,"upper_bound":0.053399119568648686,"unit":"%"},"median":{"estimate":-0.002673255180960732,"lower_bound":-0.014151049406810445,"upper_bound":0.011322909132133407,"unit":"%"},"change":"NoChange"}}
{"reason":"benchmark-complete","id":"day06.parse.nosum.realinput/parse_fast","report_directory":"/home/ankit/homeserver/volumes/devhome/code/aoc/2023/rust/target/criterion/reports/day06.parse.nosum.realinput/parse_fast","iteration_count":[12295,24590,36885,49180,61475,73770,86065,98360,110655,122950,135245,147540,159835,172130,184425,196720,209015,221310,233605,245900,258195,270490,282785,295080,307375,319670,331965,344260,356555,368850,381145,393440,405735,418030,430325,442620,454915,467210,479505,491800,504095,516390,528685,540980,553275,565570,577865,590160,602455,614750,627045,639340,651635,663930,676225,688520,700815,713110,725405,737700,749995,762290,774585,786880,799175,811470,823765,836060,848355,860650,872945,885240,897535,909830,922125,934420,946715,959010,971305,983600,995895,1008190,1020485,1032780,1045075,1057370,1069665,1081960,1094255,1106550,1118845,1131140,1143435,1155730,1168025,1180320,1192615,1204910,1217205,1229500],"measured_values":[1002302.0,1894504.0,2847051.0,3860544.0,4802452.0,5697680.0,6636681.0,7577726.0,8563616.0,9366571.0,10722042.0,11264331.0,12185819.0,13105193.0,14022444.0,15363768.0,16486357.0,17067150.0,18552328.0,19202521.0,19695116.0,20568472.0,21588318.0,22838258.0,24117726.0,24749715.0,24906412.0,26057425.0,27138407.0,28464563.0,29290339.0,30180218.0,31366428.0,32259061.0,32602823.0,36733991.0,35971325.0,36434082.0,37466351.0,37548216.0,38744776.0,40314554.0,42440888.0,41992809.0,45258874.0,45013389.0,44987741.0,45084313.0,47098023.0,48297309.0,47828910.0,49125230.0,50293046.0,56765746.0,54353699.0,54635464.0,56974220.0,61461103.0,56243414.0,60205762.0,68102113.0,58045572.0,65645201.0,83590006.0,81311042.0,99551007.0,86639351.0,64677765.0,65679256.0,65136165.0,65378335.0,67450366.0,70289512.0,74775873.0,73257613.0,72684546.0,70811192.0,90067995.0,75346887.0,76186811.0,92783156.0,79494236.0,112678712.0,85164713.0,88623155.0,84675826.0,90473686.0,123520733.0,99230499.0,88329407.0,88907424.0,86973675.0,88088421.0,88831039.0,91116756.0,90140965.0,91940688.0,122279628.0,92465214.0,103483738.0],"unit":"ns","throughput":[],"typical":{"estimate":83.41023937772313,"lower_bound":80.77251214722159,"upper_bound":86.38712008446844,"unit":"ns"},"mean":{"estimate":80.97529792204547,"lower_bound":79.40221039902407,"upper_bound":82.80082818784334,"unit":"ns"},"median":{"estimate":77.81868987338602,"lower_bound":77.34895108054928,"upper_bound":78.32017823737873,"unit":"ns"},"median_abs_dev":{"estimate":2.2314826228299993,"lower_bound":1.4956443661914571,"upper_bound":2.8477456883402987,"unit":"ns"},"slope":{"estimate":83.41023937772313,"lower_bound":80.77251214722159,"upper_bound":86.38712008446844,"unit":"ns"},"change":{"mean":{"estimate":0.011711730346820381,"lower_bound":-0.01542191907772175,"upper_bound":0.04021339130397398,"unit":"%"},"median":{"estimate":0.0044613501211601125,"lower_bound":-0.010058176288584741,"upper_bound":0.014025981551016297,"unit":"%"},"change":"NoChange"}}
{"reason":"group-complete","group_name":"day06.parse.nosum.realinput","benchmarks":["day06.parse.nosum.realinput/parse","day06.parse.nosum.realinput/parse_fast"],"report_directory":"/home/ankit/homeserver/volumes/devhome/code/aoc/2023/rust/target/criterion/reports/day06.parse.nosum.realinput"}
{"reason":"benchmark-complete","id":"day06.part1.realinput/part1","report_directory":"/home/ankit/homeserver/volumes/devhome/code/aoc/2023/rust/target/criterion/reports/day06.part1.realinput/part1","iteration_count":[9128,18256,27384,36512,45640,54768,63896,73024,82152,91280,100408,109536,118664,127792,136920,146048,155176,164304,173432,182560,191688,200816,209944,219072,228200,237328,246456,255584,264712,273840,282968,292096,301224,310352,319480,328608,337736,346864,355992,365120,374248,383376,392504,401632,410760,419888,429016,438144,447272,456400,465528,474656,483784,492912,502040,511168,520296,529424,538552,547680,556808,565936,575064,584192,593320,602448,611576,620704,629832,638960,648088,657216,666344,675472,684600,693728,702856,711984,721112,730240,739368,748496,757624,766752,775880,785008,794136,803264,812392,821520,830648,839776,848904,858032,867160,876288,885416,894544,903672,912800],