{"reason":"benchmark-complete","id":"day04.part1.realinput/part1.nosum","report_directory":"/home/ankit/code/aoc/2023/rust/target/criterion/reports/day04.part1.realinput/part1.nosum","iteration_count":[9,18,27,36,45,54,63,72,81,90,99,108,117,126,135,144,153,162,171,180,189,198,207,216,225,234,243,252,261,270,279,288,297,306,315,324,333,342,351,360,369,378,387,396,405,414,423,432,441,450,459,468,477,486,495,504,513,522,531,540,549,558,567,576,585,594,603,612,621,630,639,648,657,666,675,684,693,702,711,720,729,738,747,756,765,774,783,792,801,810,819,828,837,846,855,864,873,882,891,900],"measured_values":[1106678.0,2103970.0,3145425.0,4227207.0,7202620.0,6532559.0,7374716.0,8400371.0,9526907.0,10610783.0,11523584.0,12623079.0,13626282.0,14721719.0,15775759.0,17063552.0,17726929.0,18820704.0,20056166.0,21003432.0,22161620.0,23057989.0,24082733.0,25103689.0,26198976.0,27457623.0,28427924.0,29482954.0,30505514.0,31633984.0,32809483.0,33793189.0,34750715.0,37781353.0,36871517.0,38495647.0,39569694.0,40171646.0,42150068.0,43400850.0,49414144.0,54590170.0,46157127.0,47154048.0,47652191.0,48878929.0,49789586.0,50571769.0,51498827.0,52299515.0,53775655.0,54679399.0,55746203.0,56732122.0,59540047.0,59646901.0,60391131.0,61641553.0,62869082.0,65584581.0,67119442.0,65661206.0,67393672.0,68267950.0,69080911.0,70122327.0,70401546.0,71911450.0,72706618.0,75739941.0,74973277.0,75507660.0,76369785.0,77726959.0,78547114.0,79352552.0,82052623.0,82964142.0,83406169.0,84587710.0,85138325.0,88433303.0,88446619.0,89043290.0,89877372.0,90969202.0,92543778.0,94247480.0,103773666.0,96158454.0,96326283.0,97735706.0,101543186.0,100804085.0,101537636.0,102986403.0,103815225.0,105555125.0,109093045.0,107064197.0],"unit":"ns","throughput":[],"typical":{"estimate":118832.78450355484,"lower_bound":118206.12690334267,"upper_bound":119597.07545520665,"unit":"ns"},"mean":{"estimate":118932.51966978851,"lower_bound":118025.87010672716,"upper_bound":120170.62121046612,"unit":"ns"},"median":{"estimate":117605.61120957896,"lower_bound":117322.85818829114,"upper_bound":118051.05555555556,"unit":"ns"},"median_abs_dev":{"estimate":1246.6350534937585,"lower_bound":942.3690631447695,"upper_bound":1660.379747427256,"unit":"ns"},"slope":{"estimate":118832.78450355484,"lower_bound":118206.12690334267,"upper_bound":119597.07545520665,"unit":"ns"},"change":{"mean":{"estimate":-0.12811282727880147,"lower_bound":-0.13706987067463988,"upper_bound":-0.11915289502173608,"unit":"%"},"median":{"estimate":-0.13815087265201342,"lower_bound":-0.14175338193536136,"upper_bound":-0.12905078435725462,"unit":"%"},"change":"Improved"}}
{"reason":"benchmark-complete","id":"day04.part1.realinput/part1_core.nosum","report_directory":"/home/ankit/code/aoc/2023/rust/target/criterion/reports/day04.part1.realinput/part1_core.nosum","iteration_count":[50,100,150,200,250,300,350,400,450,500,550,600,650,700,750,800,850,900,950,1000,1050,1100,1150,1200,1250,1300,1350,1400,1450,1500,1550,1600,1650,1700,1750,1800,1850,1900,1950,2000,2050,2100,2150,2200,2250,2300,2350,2400,2450,2500,2550,2600,2650,2700,2750,2800,2850,2900,2950,3000,3050,3100,3150,3200,3250,3300,3350,3400,3450,3500,3550,3600,3650,3700,3750,3800,3850,3900,3950,4000,4050,4100,4150,4200,4250,4300,4350,4400,4450,4500,4550,4600,4650,4700,4750,4800,4850,4900,4950,5000],"measured_values":[1096099.0,1952674.0,2947881.0,3912921.0,5041441.0,5972476.0,6884716.0,7880224.0,9127991.0,12374088.0,11060275.0,11889368.0,12785678.0,13772319.0,14769461.0,15765919.0,16712676.0,17748580.0,18703030.0,19675304.0,20732640.0,21678493.0,22642643.0,23680489.0,24700915.0,25635769.0,26660691.0,27493200.0,28591484.0,29541335.0,30571820.0,31498818.0,32420515.0,33839165.0,34658500.0,35766321.0,36540719.0,38011609.0,38252195.0,39135721.0,40150325.0,41352424.0,42235089.0,43195761.0,44194455.0,45432151.0,46778475.0,47356772.0,47750909.0,58173537.0,51146088.0,51622041.0,52172715.0,53049147.0,53973340.0,56042254.0,60018795.0,73201617.0,75937625.0,61580727.0,61299875.0,61601938.0,63855421.0,63335886.0,64156162.0,65002898.0,66153750.0,68138725.0,68643172.0,69434672.0,70044889.0,71285613.0,75704704.0,73071610.0,74076996.0,74988345.0,76702256.0,77304367.0,78196009.0,79106325.0,80168740.0,81353286.0,81966910.0,82643043.0,84782650.0,86417951.0,85779782.0,86684877.0,104061352.0,89162006.0,90156331.0,91057912.0,93259856.0,93007318.0,93796875.0,95682491.0,97303997.0,96696916.0,102281146.0,98770839.0],"unit":"ns","throughput":[],"typical":{"estimate":20102.208214866263,"lower_bound":19897.397521756524,"upper_bound":20364.790583485363,"unit":"ns"},"mean":{"estimate":20080.05902265648,"lower_bound":19890.700510911684,"upper_bound":20312.608220653576,"unit":"ns"},"median":{"estimate":19752.424565217392,"lower_bound":19733.775,"upper_bound":19798.378713768114,"unit":"ns"},"median_abs_dev":{"estimate":121.5421680796541,"lower_bound":90.20585817210866,"upper_bound":179.6306886416866,"unit":"ns"},"slope":{"estimate":20102.208214866263,"lower_bound":19897.397521756524,"upper_bound":20364.790583485363,"unit":"ns"},"change":{"mean":{"estimate":-0.07392470221949232,"lower_bound":-0.08557111406177542,"upper_bound":-0.061728415479429165,"unit":"%"},"median":{"estimate":-0.08046931049227113,"lower_bound":-0.08407229469001454,"upper_bound":-0.07753828041510763,"unit":"%"},"change":"Improved"}}
{"reason":"benchmark-complete","id":"day04.part1.realinput/part1_streamparse.nosum","report_directory":"/home/ankit/code/aoc/2023/rust/target/criterion/reports/day04.part1.realinput/part1_streamparse.nosum","iteration_count":[13,26,39,52,65,78,91,104,117,130,143,156,169,182,195,208,221,234,247,260,273,286,299,312,325,338,351,364,377,390,403,416,429,442,455,468,481,494,507,520,533,546,559,572,585,598,611,624,637,650,663,676,689,702,715,728,741,754,767,780,793,806,819,832,845,858,871,884,897,910,923,936,949,962,975,988,1001,1014,1027,1040,1053,1066,1079,1092,1105,1118,1131,1144,1157,1170,1183,1196,1209,1222,1235,1248,1261,1274,1287,1300],"measured_values":[1079467.0,2010453.0,2971074.0,4070731.0,5148244.0,6169170.0,7075629.0,8025971.0,9019476.0,10061612.0,11029487.0,12054662.0,13023309.0,14053091.0,15029404.0,16042785.0,16914248.0,17872956.0,18766630.0,19694079.0,20656205.0,21696818.0,22664233.0,23701920.0,24811515.0,25802826.0,27206166.0,27296067.0,28356928.0,29308323.0,37758950.0,37397324.0,40121019.0,36028909.0,37694477.0,38509914.0,39386066.0,40493917.0,41912417.0,42499821.0,43935133.0,43570070.0,44906765.0,46179468.0,49473717.0,48879140.0,50758443.0,50464386.0,51707873.0,52251926.0,53405994.0,51630718.0,54793996.0,56404892.0,57445034.0,57246338.0,62755205.0,63215878.0,60001973.0,60886271.0,60910497.0,62795160.0,63950832.0,65671857.0,63919774.0,66339853.0,68018546.0,68716931.0,70335191.0,70848564.0,74784108.0,76727764.0,77142580.0,78756311.0,80248260.0,83017593.0,82063764.0,81774795.0,83479008.0,82728315.0,84769064.0,87428598.0,87564716.0,88735066.0,90538034.0,89547857.0,89095509.0,101944247.0,93145139.0,94586142.0,96108560.0,96923946.0,96961376.0,97057599.0,101048760.0,98865298.0,97031490.0,100146918.0,106363438.0,104969504.0],"unit":"ns","throughput":[],"typical":{"estimate":80541.6849173023,"lower_bound":79958.62715541263,"upper_bound":81180.62909887468,"unit":"ns"},"mean":{"estimate":79874.54117455067,"lower_bound":79226.00966031267,"upper_bound":80565.10755265113,"unit":"ns"},"median":{"estimate":79672.55986721613,"lower_bound":78529.57924403183,"upper_bound":80575.7462768433,"unit":"ns"},"median_abs_dev":{"estimate":3316.180110104401,"lower_bound":2442.370887795376,"upper_bound":3663.72096997716,"unit":"ns"},"slope":{"estimate":80541.6849173023,"lower_bound":79958.62715541263,"upper_bound":81180.62909887468,"unit":"ns"},"change":{"mean":{"estimate":-0.06481383030585419,"lower_bound":-0.07658758250763752,"upper_bound":-0.05365066655962153,"unit":"%"},"median":{"estimate":-0.0576154096565582,"lower_bound":-0.0723952042062036,"upper_bound":-0.046117152910876036,"unit":"%"},"change":"Improved"}}
{"reason":"benchmark-complete",