{"reason":"benchmark-complete","id":"day01.part1.realinput/part1","report_directory":"/home/ankit/code/aoc/2023/rust/target/criterion/reports/day01.part1.realinput/part1","iteration_count":[13,26,39,52,65,78,91,104,117,130,143,156,169,182,195,208,221,234,247,260,273,286,299,312,325,338,351,364,377,390,403,416,429,442,455,468,481,494,507,520,533,546,559,572,585,598,611,624,637,650,663,676,689,702,715,728,741,754,767,780,793,806,819,832,845,858,871,884,897,910,923,936,949,962,975,988,1001,1014,1027,1040,1053,1066,1079,1092,1105,1118,1131,1144,1157,1170,1183,1196,1209,1222,1235,1248,1261,1274,1287,1300],"measured_values":[1032008.0,2053024.0,3027222.0,4038511.0,5133949.0,6178170.0,7169090.0,8194515.0,9161039.0,10177275.0,11192491.0,12239508.0,13176956.0,14167766.0,15189906.0,16123625.0,17450653.0,18527896.0,21802469.0,21671049.0,23370082.0,24785146.0,24517308.0,24735342.0,25587379.0,26611792.0,27572223.0,28635411.0,29617855.0,30766152.0,31564888.0,32555346.0,33603225.0,34526936.0,35807125.0,36540126.0,37462075.0,41434680.0,42376186.0,41528959.0,42379112.0,43145726.0,44154730.0,45350759.0,46493557.0,47845221.0,48542203.0,49197496.0,50253439.0,60383626.0,57957243.0,53640063.0,54560159.0,55465355.0,56517592.0,57613612.0,66243611.0,62500071.0,61668312.0,61684715.0,62304429.0,63302504.0,64391839.0,65326794.0,66412282.0,67344059.0,68362252.0,69346388.0,70365271.0,71094665.0,72831008.0,73355653.0,74350641.0,75385865.0,76350004.0,78725330.0,78484253.0,79519555.0,80652806.0,82254845.0,82235689.0,83068658.0,84102059.0,85606933.0,85974241.0,87134883.0,88010623.0,88652982.0,89744091.0,92546908.0,93656673.0,95511733.0,96904565.0,101367752.0,101772480.0,101370507.0,99183639.0,106114525.0,102734725.0,102858990.0],"unit":"ns","throughput":[],"typical":{"estimate":79510.30872605745,"lower_bound":79021.60025320982,"upper_bound":80063.0136705362,"unit":"ns"},"mean":{"estimate":79636.84162902336,"lower_bound":79154.86394712146,"upper_bound":80188.57014534231,"unit":"ns"},"median":{"estimate":78787.31112637362,"lower_bound":78560.67409275606,"upper_bound":79010.47720797721,"unit":"ns"},"median_abs_dev":{"estimate":726.8177095323122,"lower_bound":571.471497116418,"upper_bound":1031.953116486955,"unit":"ns"},"slope":{"estimate":79510.30872605745,"lower_bound":79021.60025320982,"upper_bound":80063.0136705362,"unit":"ns"},"change":{"mean":{"estimate":0.0768924457513136,"lower_bound":0.059195336860391336,"upper_bound":0.09269581131468019,"unit":"%"},"median":{"estimate":0.09856743433758153,"lower_bound":0.09426855353549901,"upper_bound":0.10216557674506643,"unit":"%"},"change":"Regressed"}}
{"reason":"group-complete","group_name":"day01.part1.realinput","benchmarks":["day01.part1.realinput/part1_core.nosum","day01.part1.realinput/part1"],"report_directory":"/home/ankit/code/aoc/2023/rust/target/criterion/reports/day01.part1.realinput"}
{"reason":"benchmark-complete","id":"day01.part1_simd.realinput/part1_memchr","report_directory":"/home/ankit/code/aoc/2023/rust/target/criterion/reports/day01.part1_simd.realinput/part1_memchr","iteration_count":[11,22,33,44,55,66,77,88,99,110,121,132,143,154,165,176,187,198,209,220,231,242,253,264,275,286,297,308,319,330,341,352,363,374,385,396,407,418,429,440,451,462,473,484,495,506,517,528,539,550,561,572,583,594,605,616,627,638,649,660,671,682,693,704,715,726,737,748,759,770,781,792,803,814,825,836,847,858,869,880,891,902,913,924,935,946,957,968,979,990,1001,1012,1023,1034,1045,1056,1067,1078,1089,1100],"measured_values":[1059731.0,2001877.0,3055005.0,4044152.0,5232335.0,5978421.0,6997514.0,7986240.0,9147793.0,12657050.0,12346761.0,12131052.0,14856241.0,16758750.0,15089695.0,16122123.0,17030157.0,17989555.0,19008709.0,20048832.0,20968466.0,21822316.0,22743304.0,23798124.0,24844259.0,25734978.0,26683809.0,27671282.0,28809921.0,29795512.0,30711559.0,31676650.0,32760375.0,33552778.0,34583594.0,35616223.0,36556307.0,37552917.0,38513419.0,39569401.0,40480981.0,41558515.0,42390293.0,43569610.0,44521226.0,45234448.0,45608948.0,46906039.0,48435821.0,49475814.0,50717299.0,51727626.0,52524998.0,53405869.0,54415986.0,55290565.0,57006449.0,57723320.0,58980143.0,59572747.0,60503333.0,61412858.0,62320550.0,63981931.0,64919211.0,66138092.0,66496471.0,67424983.0,68303770.0,69855955.0,70695948.0,77443057.0,77782701.0,73543540.0,73618822.0,74867191.0,75723736.0,76743049.0,78053534.0,78671838.0,79446547.0,81525050.0,81516013.0,82213106.0,83214556.0,84228339.0,85254706.0,85891093.0,85632913.0,86710687.0,88437903.0,90035595.0,90729551.0,91839246.0,93053770.0,93650702.0,94787490.0,96088357.0,97165339.0,97883242.0],"unit":"ns","throughput":[],"typical":{"estimate":89720.25559761946,"lower_bound":89368.88013356578,"upper_bound":90177.18859238917,"unit":"ns"},"mean":{"estimate":90935.68152520598,"lower_bound":90262.65326295837,"upper_bound":91763.61332525166,"unit":"ns"},"median":{"estimate":89991.13739295126,"lower_bound":89908.87037037036,"upper_bound":90225.87652645861,"unit":"ns"},"median_abs_dev":{"estimate":965.4973311128026,"lower_bound":595.6584193190808,"upper_bound":1256.5081710519528,"unit":"ns"},"slope":{"estimate":89720.25559761946,"lower_bound":89368.88013356578,"upper_bound":90177.18859238917,"unit":"ns"},"change":null}
{"reason":"group-complete","group_name":"day01.part1_simd.realinput","benchmarks":["day01.part1_simd.realinput/part1_simd","day01.part1_simd.realinput/part1_memchr"],"report_directory":"/home/ankit/code/aoc/2023/rust/target/criterion/reports/day01.part1_simd.realinput"}
