{"reason":"benchmark-complete","id":"day02.part1.realinput/part1","report_directory":"/home/ankit/code/aoc/2023/rust/target/criterion/reports/day02.part1.realinput/part1","iteration_count":[12,24,36,48,60,72,84,96,108,120,132,144,156,168,180,192,204,216,228,240,252,264,276,288,300,312,324,336,348,360,372,384,396,408,420,432,444,456,468,480,492,504,516,528,540,552,564,576,588,600,612,624,636,648,660,672,684,696,708,720,732,744,756,768,780,792,804,816,828,840,852,864,876,888,900,912,924,936,948,960,972,984,996,1008,1020,1032,1044,1056,1068,1080,1092,1104,1116,1128,1140,1152,1164,1176,1188,1200],"measured_values":[1094487.0,2060799.0,3087066.0,4110979.0,5163515.0,6285824.0,7291252.0,8289525.0,9322785.0,10292825.0,11315294.0,12385025.0,13467077.0,14448418.0,15473633.0,16559452.0,17565151.0,18552362.0,19507505.0,20546606.0,21567993.0,22552250.0,23632039.0,24781840.0,25917986.0,27185610.0,28286749.0,29060066.0,30081383.0,31084105.0,33520367.0,33128714.0,34083826.0,35055189.0,36056498.0,37494786.0,38444187.0,39158522.0,40517410.0,41534029.0,42710220.0,44369126.0,44661672.0,50153050.0,46657428.0,47872102.0,49030139.0,49996943.0,50966682.0,52610471.0,53112763.0,53716198.0,58482861.0,65432193.0,57448749.0,58766398.0,59311321.0,59849593.0,59982665.0,60837377.0,61752813.0,62745437.0,64879655.0,64821003.0,78347853.0,67506688.0,68330421.0,69175043.0,70100268.0,71203511.0,71821844.0,73085691.0,73952756.0,75063894.0,76478697.0,77087512.0,79329285.0,79066357.0,80327319.0,81773121.0,82768268.0,83516959.0,84436985.0,85642772.0,86892412.0,86524905.0,89488507.0,89504607.0,92681845.0,92568048.0,94189515.0,94814961.0,97012920.0,97518901.0,97330713.0,98606183.0,100121618.0,101198019.0,103594756.0,103250172.0],"unit":"ns","throughput":[],"typical":{"estimate":86033.51926481455,"lower_bound":85573.5110092286,"upper_bound":86627.08478153737,"unit":"ns"},"mean":{"estimate":86406.41621370144,"lower_bound":85960.35908530271,"upper_bound":86933.15636338662,"unit":"ns"},"median":{"estimate":86004.80307539683,"lower_bound":85843.13723544974,"upper_bound":86247.14583333333,"unit":"ns"},"median_abs_dev":{"estimate":1023.6478557144513,"lower_bound":667.9245256419678,"upper_bound":1311.5403685904996,"unit":"ns"},"slope":{"estimate":86033.51926481455,"lower_bound":85573.5110092286,"upper_bound":86627.08478153737,"unit":"ns"},"change":{"mean":{"estimate":0.026738386566389716,"lower_bound":0.017014398237290528,"upper_bound":0.03643913646513387,"unit":"%"},"median":{"estimate":0.03166512645692854,"lower_bound":0.027015563141489896,"upper_bound":0.03508614811170152,"unit":"%"},"change":"Regressed"}}
{"reason":"group-complete","group_name":"day02.part1.realinput","benchmarks":["day02.part1.realinput/part1_core.nosum","day02.part1.realinput/part1"],"report_directory":"/home/ankit/code/aoc/2023/rust/target/criterion/reports/day02.part1.realinput"}
{"reason":"benchmark-complete","id":"day02.part2.realinput/part2","report_directory":"/home/ankit/code/aoc/2023/rust/target/criterion/reports/day02.part2.realinput/part2","iteration_count":[12,24,36,48,60,72,84,96,108,120,132,144,156,168,180,192,204,216,228,240,252,264,276,288,300,312,324,336,348,360,372,384,396,408,420,432,444,456,468,480,492,504,516,528,540,552,564,576,588,600,612,624,636,648,660,672,684,696,708,720,732,744,756,768,780,792,804,816,828,840,852,864,876,888,900,912,924,936,948,960,972,984,996,1008,1020,1032,1044,1056,1068,1080,1092,1104,1116,1128,1140,1152,1164,1176,1188,1200],"measured_values":[987243.0,1936474.0,2902406.0,3874860.0,4897901.0,5893680.0,6905580.0,7890678.0,8873644.0,9829606.0,10687503.0,11676140.0,13769290.0,13908694.0,14832677.0,15991736.0,16574711.0,18380638.0,18852632.0,19785974.0,20581612.0,21522839.0,22511663.0,23571765.0,24621666.0,25533276.0,26491814.0,28029922.0,28844368.0,29785953.0,30884206.0,31891668.0,33001924.0,33941486.0,35095034.0,36125829.0,37003514.0,39632492.0,42518136.0,46256748.0,45316244.0,41112530.0,41985676.0,42966797.0,43589999.0,44472323.0,45668662.0,46949101.0,47592461.0,48267191.0,49188629.0,50771412.0,51933486.0,52846197.0,54130834.0,54899543.0,55825899.0,56647257.0,57915394.0,58938444.0,58978250.0,60512911.0,62105503.0,65692416.0,65907846.0,66335015.0,66693526.0,67881860.0,68722353.0,68832954.0,69759943.0,70839520.0,71686838.0,72915108.0,74059057.0,75360676.0,76575482.0,77234652.0,77775578.0,78959324.0,80041487.0,80951603.0,80825974.0,81949647.0,82881694.0,84408170.0,85207887.0,86421809.0,87892178.0,89378268.0,88772840.0,90019244.0,91188852.0,91928116.0,93608362.0,93634421.0,94609181.0,96675501.0,97519902.0,100122630.0],"unit":"ns","throughput":[],"typical":{"estimate":82225.19481528003,"lower_bound":81969.68408220635,"upper_bound":82527.39446331015,"unit":"ns"},"mean":{"estimate":82504.4719160395,"lower_bound":82104.839008013,"upper_bound":82987.56343013351,"unit":"ns"},"median":{"estimate":81967.08902116402,"lower_bound":81801.40395480226,"upper_bound":82194.5625,"unit":"ns"},"median_abs_dev":{"estimate":891.1512493806474,"lower_bound":613.9099457392451,"upper_bound":1161.713762153237,"unit":"ns"},"slope":{"estimate":82225.19481528003,"lower_bound":81969.68408220635,"upper_bound":82527.39446331015,"unit":"ns"},"change":{"mean":{"estimate":0.013311237582055213,"lower_bound":0.003956749241076066,"upper_bound":0.022044883780156913,"unit":"%"},"median":{"estimate":0.016305030311461355,"lower_bound":0.012095921522721431,"upper_bound":0.020184828840373942,"unit":"%"},"change":"NoChange"}}
{"reason":"group-complete","group_name":"day02.part2.realinput","benchmarks":["day02.part2.realinput/part2"],"report_directory":"/home/ankit/code/aoc/2023/rust/target/criterion/reports/day02.part2.realinput"}
