{"reason":"benchmark-complete","id":"day09.parse.nosum.realinput/parse","report_directory":"/home/ankit/homeserver/volumes/devhome/code/aoc/2023/rust/target/criterion/reports/day09.parse.nosum.realinput/parse","iteration_count":[12,24,36,48,60,72,84,96,108,120,132,144,156,168,180,192,204,216,228,240,252,264,276,288,300,312,324,336,348,360,372,384,396,408,420,432,444,456,468,480,492,504,516,528,540,552,564,576,588,600,612,624,636,648,660,672,684,696,708,720,732,744,756,768,780,792,804,816,828,840,852,864,876,888,900,912,924,936,948,960,972,984,996,1008,1020,1032,1044,1056,1068,1080,1092,1104,1116,1128,1140,1152,1164,1176,1188,1200],"measured_values":[1022098.0,2003299.0,3011021.0,4005406.0,5014490.0,6003785.0,6979817.0,8107916.0,9060142.0,10002839.0,11039426.0,12043058.0,12982731.0,14044425.0,15079096.0,16083873.0,17019446.0,18046614.0,19081616.0,20066886.0,21068104.0,29733287.0,23366162.0,29942084.0,25259612.0,26162194.0,26900314.0,27750026.0,28945433.0,29694654.0,30511663.0,31543079.0,32516445.0,33498618.0,34552256.0,35663934.0,36624396.0,37931404.0,38721453.0,39810868.0,40543407.0,44223296.0,43875737.0,43227719.0,44626241.0,45365503.0,47545006.0,48193165.0,49396317.0,51207190.0,52278452.0,51867093.0,62788124.0,56896429.0,58371127.0,65161674.0,58713957.0,58858180.0,59131529.0,59924181.0,62886419.0,62963787.0,64000652.0,65543349.0,65458597.0,66486878.0,66819168.0,67875531.0,68634170.0,70052819.0,71050913.0,72948201.0,73214316.0,73844210.0,74874103.0,78148443.0,77524620.0,77682940.0,79123572.0,83591155.0,88632305.0,83960245.0,90792361.0,84301722.0,85577772.0,97021163.0,91313650.0,90770670.0,93747194.0,91653073.0,95132842.0,95570552.0,92911490.0,94211907.0,93953696.0,94624398.0,95989426.0,98442469.0,97444566.0,98458969.0],"unit":"ns","throughput":[],"typical":{"estimate":84955.38973794394,"lower_bound":84214.28662664478,"upper_bound":85790.11928454357,"unit":"ns"},"mean":{"estimate":84913.6232917625,"lower_bound":84145.10218537116,"upper_bound":85848.60196271633,"unit":"ns"},"median":{"estimate":83622.02007575758,"lower_bound":83458.375,"upper_bound":83853.18589743589,"unit":"ns"},"median_abs_dev":{"estimate":1218.8501650845537,"lower_bound":677.7574665388229,"upper_bound":1700.588407460053,"unit":"ns"},"slope":{"estimate":84955.38973794394,"lower_bound":84214.28662664478,"upper_bound":85790.11928454357,"unit":"ns"},"change":{"mean":{"estimate":0.035706667522014346,"lower_bound":0.018125160402707508,"upper_bound":0.05184388413283883,"unit":"%"},"median":{"estimate":0.04272490193103429,"lower_bound":0.03955250241741326,"upper_bound":0.04667082856115434,"unit":"%"},"change":"Regressed"}}
{"reason":"group-complete","group_name":"day09.parse.nosum.realinput","benchmarks":["day09.parse.nosum.realinput/parse"],"report_directory":"/home/ankit/homeserver/volumes/devhome/code/aoc/2023/rust/target/criterion/reports/day09.parse.nosum.realinput"}
{"reason":"benchmark-complete","id":"day09.part1.realinput/part1.nosum","report_directory":"/home/ankit/homeserver/volumes/devhome/code/aoc/2023/rust/target/criterion/reports/day09.part1.realinput/part1.nosum","iteration_count":[5,10,15,20,25,30,35,40,45,50,55,60,65,70,75,80,85,90,95,100,105,110,115,120,125,130,135,140,145,150,155,160,165,170,175,180,185,190,195,200,205,210,215,220,225,230,235,240,245,250,255,260,265,270,275,280,285,290,295,300,305,310,315,320,325,330,335,340,345,350,355,360,365,370,375,380,385,390,395,400,405,410,415,420,425,430,435,440,445,450,455,460,465,470,475,480,485,490,495,500],"measured_values":[1138759.0,2282559.0,3425988.0,4582169.0,5823323.0,7035643.0,8149866.0,9159340.0,13666988.0,11927811.0,13020132.0,14164342.0,15407799.0,16319669.0,17612221.0,18472721.0,19512173.0,20615716.0,21805261.0,23142889.0,24357743.0,25554312.0,26988913.0,27700813.0,28808333.0,30034308.0,31607331.0,32242596.0,33277097.0,35255710.0,36317874.0,36923132.0,37817347.0,38979852.0,39991391.0,41389733.0,42613654.0,43520723.0,45216780.0,45846495.0,47368270.0,48170232.0,49512848.0,51079348.0,52036484.0,52898088.0,55496654.0,61638303.0,56855982.0,57463506.0,58463803.0,60239550.0,61519306.0,61947930.0,63062453.0,64322683.0,77634117.0,69584211.0,67812481.0,69433305.0,70135817.0,71025284.0,73066576.0,75459854.0,74646090.0,75723585.0,76600216.0,77553875.0,79057577.0,90579487.0,93982560.0,84898364.0,85684054.0,84855863.0,85931773.0,87034444.0,92651116.0,89912121.0,90939420.0,91383562.0,92537350.0,93789544.0,94760957.0,96285689.0,97784621.0,98792472.0,101708732.0,102601176.0,102030243.0,103772167.0,106196373.0,106050577.0,106265064.0,107849328.0,109086254.0,109760372.0,111432663.0,112155525.0,115947826.0,114857900.0],"unit":"ns","throughput":[],"typical":{"estimate":232242.72528151324,"lower_bound":230785.6975030853,"upper_bound":234100.73571636283,"unit":"ns"},"mean":{"estimate":233183.68039638214,"lower_bound":231487.3792011787,"upper_bound":235326.13669002536,"unit":"ns"},"median":{"estimate":230298.28671096347,"lower_bound":229740.96794918997,"upper_bound":231033.13846153847,"unit":"ns"},"median_abs_dev":{"estimate":1908.8940906268879,"lower_bound":1237.6839805244517,"upper_bound":2856.8191124462037,"unit":"ns"},"slope":{"estimate":232242.72528151324,"lower_bound":230785.6975030853,"upper_bound":234100.73571636283,"unit":"ns"},"change":{"mean":{"estimate":0.05327003600680191,"lower_bound":0.03857204581966801,"upper_bound":0.06780184391074802,"unit":"%"},"median":{"estimate":0.058846217439174175,"lower_bound":0.054074844313332426,"upper_bound":0.06333444762240759,"unit":"%"},"change":"Regressed"}}
{"reason":"benchmark-complete","id":"day09.part1.realinput/part1_noalloc","report_directory":"/home/ankit/homeserver/volumes/devhome/code/aoc/2023/rust/target/criterion/reports/day09.part1.realinput/part1_noalloc","iteration_count":[9,18,27,36,45,54,63,72,81,90,99,108,117,126,135,144,153,162,171,180,189,198,207,216,225,234,243,252,261,270,279,288,297,306,315,324,333,342,351,360,369,378,387,396,405,414,423,432,441,450,459,468,477,486,495,504,513,522,531,540,549,558,567,576,585,594,603,612,621,630,639,648,657,666,675,684,693,702,711,720,729,738,747,756,765,774,783,792,801,810,819,828,837,846,855,864,873,882,891,900],"measured_values":[1085869.0,2035020.0,3080251.0,4882960.0,6807690.0,7021294.0,7425832.0,8205641.0,9361533.0,10404982.0,11351577.0,12389264.0,13541109.0,14642518.0,15429861.0,16504409.0,17576752.0,18528236.0,19567096.0,20558938.0,21793358.0,22704196.0,23877020.0,24778650.0,25404867.0,26905683.0,27834775.0,28775088.0,30015921.0,31139542.0,35409179.0,33600519.0,35959713.0,35866145.0,36411450.0,37189715.0,38262560.0,38792385.0,39903311.0,40968391.0,42094677.0,43217105.0,44043443.0,45327337.0,46833064.0,47296371.0,48358486.0,49315139.0,50477844.0,51187811.0,52248262.0,53337698.0,54066129.0,56021528.0,56316517.0,58033222.0,58185462.0,58866493.0,59999602.0,60808997.0,61840082.0,71951486.0,70810423.0,65591316.0,66107915.0,69088398.0,72017311.0,72241977.0,70850560.0,72198636.0,73554517.0,73133559.0,74080865.0,75043902.0,76139087.0,76931520.0,78088475.0,79836139.0,80281895.0,83036038.0,82345287.0,82960164.0,85233695.0,86152096.0,85723773.0,87561088.0,98986935.0,91554622.0,91531087.0,91884597.0,92423158.0,95782529.0,94293356.0,97252878.0,95955697.0,99864631.0,108872683.0,99494388.0,101981655.0,102960201.0],"unit":"ns","throughput":[],"typical":{"estimate":114911.33776858283,"lower_bound":114073.27334117994,"upper_bound":115934.68094648034,"unit":"ns"},"mean":{"estimate":115791.51520382726,"lower_bound":114855.35808787469,"upper_bound":116936.20680934499,"unit":"ns"},"median":{"estimate":114386.02524691357,"lower_bound":114101.33199464525,"upper_bound":114688.90067340067,"unit":"ns"},"median_abs_dev":{"estimate":1423.2191682873395,"lower_bound":1007.3138136698062,"upper_bound":1904.7272522317608,"unit":"ns"},"slope":{"estimate":114911.33776858283,"lower_bound":114073.27334117994,"upper_bound":115934.68094648034,"unit":"ns"},"change":{"mean":{"estimate":0.0598677290877383,"lower_bound":0.042114013497552304,