{"reason":"benchmark-complete","id":"day02.part1.realinput/part1","report_directory":"/home/ankit/code/aoc/2023/rust/target/criterion/reports/day02.part1.realinput/part1","iteration_count":[25,50,75,100,125,150,175,200,225,250,275,300,325,350,375,400,425,450,475,500,525,550,575,600,625,650,675,700,725,750,775,800,825,850,875,900,925,950,975,1000,1025,1050,1075,1100,1125,1150,1175,1200,1225,1250,1275,1300,1325,1350,1375,1400,1425,1450,1475,1500,1525,1550,1575,1600,1625,1650,1675,1700,1725,1750,1775,1800,1825,1850,1875,1900,1925,1950,1975,2000,2025,2050,2075,2100,2125,2150,2175,2200,2225,2250,2275,2300,2325,2350,2375,2400,2425,2450,2475,2500],"measured_values":[1044080.0,2041802.0,3062649.0,4085819.0,5181627.0,6134465.0,7151303.0,8178231.0,9190902.0,10284586.0,11227684.0,12286151.0,13311386.0,14301123.0,15282996.0,16237236.0,17348192.0,18364098.0,19554707.0,20518264.0,21367175.0,22503901.0,24088516.0,24464299.0,25366079.0,26370694.0,27490058.0,28502217.0,29520388.0,30569588.0,31541881.0,32279942.0,31953593.0,32965653.0,33963334.0,34949584.0,35920046.0,37413749.0,38466335.0,39472443.0,40551469.0,41669059.0,43016415.0,44804866.0,45916786.0,46857149.0,47939661.0,49385574.0,49813696.0,51491178.0,52271698.0,53115989.0,53945303.0,55143775.0,55912884.0,54466120.0,55106203.0,56443790.0,58751458.0,59605187.0,60908418.0,61789559.0,62558067.0,64963549.0,65907419.0,66748014.0,68201700.0,69138006.0,69798019.0,71119254.0,71865349.0,72442875.0,73346518.0,73213145.0,73809016.0,76652659.0,77793051.0,78097238.0,78880965.0,81320061.0,81071750.0,81337514.0,82362238.0,83117880.0,88867255.0,93539216.0,89307610.0,89500735.0,90146111.0,91507311.0,92190287.0,94129775.0,95527477.0,94296903.0,91398014.0,94007504.0,99393959.0,104930651.0,105361617.0,102694509.0],"unit":"ns","throughput":[],"typical":{"estimate":40480.57226067681,"lower_bound":40197.72550753318,"upper_bound":40774.0613432378,"unit":"ns"},"mean":{"estimate":40463.0806772028,"lower_bound":40294.8735512479,"upper_bound":40632.584244536134,"unit":"ns"},"median":{"estimate":40669.66564705882,"lower_bound":40546.75076923077,"upper_bound":40735.6794041868,"unit":"ns"},"median_abs_dev":{"estimate":472.4097901723279,"lower_bound":294.57945649488795,"upper_bound":728.2782468096096,"unit":"ns"},"slope":{"estimate":40480.57226067681,"lower_bound":40197.72550753318,"upper_bound":40774.0613432378,"unit":"ns"},"change":{"mean":{"estimate":-0.2635531285852666,"lower_bound":-0.26833453577439087,"upper_bound":-0.25869294706556817,"unit":"%"},"median":{"estimate":-0.25229408488003324,"lower_bound":-0.2566610550141585,"upper_bound":-0.25040105838787596,"unit":"%"},"change":"Improved"}}
{"reason":"group-complete","group_name":"day02.part1.realinput","benchmarks":["day02.part1.realinput/part1"],"report_directory":"/home/ankit/code/aoc/2023/rust/target/criterion/reports/day02.part1.realinput"}
{"reason":"benchmark-complete","id":"day02.part2.realinput/part2","report_directory":"/home/ankit/code/aoc/2023/rust/target/criterion/reports/day02.part2.realinput/part2","iteration_count":[22,44,66,88,110,132,154,176,198,220,242,264,286,308,330,352,374,396,418,440,462,484,506,528,550,572,594,616,638,660,682,704,726,748,770,792,814,836,858,880,902,924,946,968,990,1012,1034,1056,1078,1100,1122,1144,1166,1188,1210,1232,1254,1276,1298,1320,1342,1364,1386,1408,1430,1452,1474,1496,1518,1540,1562,1584,1606,1628,1650,1672,1694,1716,1738,1760,1782,1804,1826,1848,1870,1892,1914,1936,1958,1980,2002,2024,2046,2068,2090,2112,2134,2156,2178,2200],"measured_values":[1023702.0,2009872.0,3004428.0,3978044.0,4957894.0,5947450.0,6946565.0,7909551.0,8923454.0,9935804.0,10837124.0,11834696.0,12831756.0,13801065.0,14832381.0,15938628.0,16726924.0,17484832.0,18522009.0,19352765.0,20372267.0,21443991.0,24350092.0,24076764.0,27422880.0,26324277.0,26955854.0,28055229.0,28955717.0,37929908.0,41911047.0,43797645.0,33348689.0,34916973.0,35623834.0,36432156.0,37171248.0,38266205.0,38973647.0,39974595.0,40591105.0,41658550.0,42648667.0,43594440.0,44393035.0,45197210.0,46898447.0,47382856.0,48197141.0,49220971.0,50045655.0,52057241.0,54640240.0,54021988.0,54599483.0,55531341.0,56594126.0,57371289.0,58344305.0,59398564.0,62056045.0,61270665.0,61852028.0,62838429.0,64098648.0,65794294.0,66127898.0,67336530.0,68755300.0,74241596.0,70327031.0,71017301.0,74706548.0,80438138.0,74707219.0,74625254.0,74523380.0,75419270.0,77326437.0,78157242.0,79242891.0,80547936.0,80872602.0,81504792.0,82443191.0,84333406.0,85065815.0,89720954.0,87272189.0,88438572.0,89454058.0,89772422.0,89698231.0,90405983.0,98028741.0,96571176.0,95813328.0,99641739.0,98784223.0,98303291.0],"unit":"ns","throughput":[],"typical":{"estimate":45218.105336727705,"lower_bound":44928.40327918429,"upper_bound":45555.15927227928,"unit":"ns"},"mean":{"estimate":45677.58982036799,"lower_bound":45197.83439802312,"upper_bound":46285.37714935517,"unit":"ns"},"median":{"estimate":45029.642969386565,"lower_bound":44894.98558162268,"upper_bound":45143.14256198347,"unit":"ns"},"median_abs_dev":{"estimate":591.1058935267,"lower_bound":469.1959451941125,"upper_bound":797.6716118597633,"unit":"ns"},"slope":{"estimate":45218.105336727705,"lower_bound":44928.40327918429,"upper_bound":45555.15927227928,"unit":"ns"},"change":{"mean":{"estimate":-0.022676996319126896,"lower_bound":-0.035219563440554415,"upper_bound":-0.009379924133372243,"unit":"%"},"median":{"estimate":-0.031968924033559776,"lower_bound":-0.03577847171068638,"upper_bound":-0.028186984783504787,"unit":"%"},"change":"NoChange"}}
{"reason":"group-complete","group_name":"day02.part2.realinput","benchmarks":["day02.part2.realinput/part2"],"report_directory":"/home/ankit/code/aoc/2023/rust/target/criterion/reports/day02.part2.realinput"}
