{"reason":"benchmark-complete","id":"day07.parse.nosum.realinput/parse","report_directory":"/home/ankit/homeserver/volumes/devhome/code/aoc/2023/rust/target/criterion/reports/day07.parse.nosum.realinput/parse","iteration_count":[11,22,33,44,55,66,77,88,99,110,121,132,143,154,165,176,187,198,209,220,231,242,253,264,275,286,297,308,319,330,341,352,363,374,385,396,407,418,429,440,451,462,473,484,495,506,517,528,539,550,561,572,583,594,605,616,627,638,649,660,671,682,693,704,715,726,737,748,759,770,781,792,803,814,825,836,847,858,869,880,891,902,913,924,935,946,957,968,979,990,1001,1012,1023,1034,1045,1056,1067,1078,1089,1100],"measured_values":[1144440.0,2043245.0,3049675.0,4068537.0,5032937.0,5944124.0,7144752.0,8300263.0,9112905.0,10135324.0,11278301.0,12629285.0,13240043.0,15372238.0,15553071.0,16446746.0,17537433.0,18807063.0,19563076.0,25539243.0,26232766.0,22612320.0,24136170.0,24146179.0,24720719.0,26274567.0,28526027.0,29137177.0,30314418.0,31203616.0,31637439.0,32304974.0,35107681.0,39389673.0,37361255.0,36924857.0,39027355.0,37951365.0,39740538.0,40489728.0,41192251.0,42481627.0,43512763.0,44245163.0,45598940.0,54376879.0,54696576.0,48878260.0,48781306.0,50188485.0,50863245.0,52252080.0,55494820.0,58815920.0,57132577.0,56631796.0,57574695.0,58056108.0,58606873.0,59571423.0,61054996.0,63575406.0,64615549.0,63806436.0,66045962.0,71709966.0,68758397.0,67231601.0,69420003.0,69408219.0,69937785.0,71043633.0,72044861.0,72472222.0,74034224.0,75316958.0,75920863.0,78518130.0,82772319.0,81464828.0,82270797.0,84645743.0,84346875.0,85228458.0,87071383.0,88981987.0,89621289.0,89163760.0,90514524.0,106358736.0,92237431.0,101334125.0,93653107.0,92196334.0,96643449.0,95602795.0,95089772.0,96976100.0,98062871.0,100060189.0],"unit":"ns","throughput":[],"typical":{"estimate":92670.77737684216,"lower_bound":91794.33728130335,"upper_bound":93767.20058291429,"unit":"ns"},"mean":{"estimate":93691.25675803029,"lower_bound":92805.13043069575,"upper_bound":94684.0599405206,"unit":"ns"},"median":{"estimate":92399.35195326761,"lower_bound":92021.35095137422,"upper_bound":92826.5931085044,"unit":"ns"},"median_abs_dev":{"estimate":2133.8164135872526,"lower_bound":1546.9361726762477,"upper_bound":2982.59255790067,"unit":"ns"},"slope":{"estimate":92670.77737684216,"lower_bound":91794.33728130335,"upper_bound":93767.20058291429,"unit":"ns"},"change":{"mean":{"estimate":0.06529766840990225,"lower_bound":0.05357155867751764,"upper_bound":0.07790870621387663,"unit":"%"},"median":{"estimate":0.06021210678062783,"lower_bound":0.05419877800376116,"upper_bound":0.06558554274808989,"unit":"%"},"change":"Regressed"}}
{"reason":"group-complete","group_name":"day07.parse.nosum.realinput","benchmarks":["day07.parse.nosum.realinput/read_all","day07.parse.nosum.realinput/parse"],"report_directory":"/home/ankit/homeserver/volumes/devhome/code/aoc/2023/rust/target/criterion/reports/day07.parse.nosum.realinput"}
{"reason":"benchmark-complete","id":"day07.baselines.nosum.realinput/read_all","report_directory":"/home/ankit/homeserver/volumes/devhome/code/aoc/2023/rust/target/criterion/reports/day07.baselines.nosum.realinput/read_all","iteration_count":[393,786,1179,1572,1965,2358,2751,3144,3537,3930,4323,4716,5109,5502,5895,6288,6681,7074,7467,7860,8253,8646,9039,9432,9825,10218,10611,11004,11397,11790,12183,12576,12969,13362,13755,14148,14541,14934,15327,15720,16113,16506,16899,17292,17685,18078,18471,18864,19257,19650,20043,20436,20829,21222,21615,22008,22401,22794,23187,23580,23973,24366,24759,25152,25545,25938,26331,26724,27117,27510,27903,28296,28689,29082,29475,29868,30261,30654,31047,31440,31833,32226,32619,33012,33405,33798,34191,34584,34977,35370,35763,36156,36549,36942,37335,37728,38121,38514,38907,39300],"measured_values":[952958.0,2297848.0,4183855.0,3842839.0,4888833.0,5719698.0,6707161.0,7822989.0,8674153.0,10153880.0,11235791.0,11494953.0,12425047.0,13392583.0,14368233.0,15292877.0,16205499.0,17268874.0,18151859.0,19102062.0,20097269.0,21010191.0,21937961.0,24807193.0,25447057.0,32471460.0,26571740.0,27322705.0,27716331.0,28750373.0,29696637.0,30621411.0,41798502.0,45020142.0,34318063.0,34687694.0,35463125.0,36600251.0,37325066.0,38215444.0,39303860.0,40149804.0,41247115.0,42047674.0,43891090.0,44573826.0,61589891.0,47804674.0,55481796.0,47888863.0,50348168.0,49967906.0,50718690.0,60899531.0,58829014.0,54041273.0,54714260.0,55463701.0,56655060.0,57347774.0,58386004.0,59427469.0,60284714.0,61231872.0,72043247.0,68861644.0,64019769.0,66419250.0,66189435.0,67220481.0,68771031.0,83451998.0,72820702.0,71841476.0,72396147.0,74140637.0,76943834.0,75475348.0,81808140.0,78060050.0,78649489.0,78853294.0,79612606.0,81380179.0,82175957.0,83650505.0,83215941.0,89069924.0,85451760.0,86386294.0,87410566.0,89423154.0,91255248.0,92073109.0,91387780.0,92147350.0,93811147.0,94180026.0,94881537.0,95548251.0],"unit":"ns","throughput":[],"typical":{"estimate":2500.694257064763,"lower_bound":2476.860704322395,"upper_bound":2530.1422099368797,"unit":"ns"},"mean":{"estimate":2532.3094988551934,"lower_bound":2493.872487969835,"upper_bound":2576.9338158931823,"unit":"ns"},"median":{"estimate":2446.1147710620276,"lower_bound":2441.794043327679,"upper_bound":2462.7624646649606,"unit":"ns"},"median_abs_dev":{"estimate":21.96503881438209,"lower_bound":14.8903840613421,"upper_bound":41.74818251482703,"unit":"ns"},"slope":{"estimate":2500.694257064763,"lower_bound":2476.860704322395,"upper_bound":2530.1422099368797,"unit":"ns"},"change":{"mean":{"estimate":-0.03121772641408016,"lower_bound":-0.06253444216025746,"upper_bound":-0.0012873957953187902,"unit":"%"},"median":{"estimate":-0.01167460088141381,"lower_bound":-0.019747557878129873,"upper_bound":-0.0027630712798519808,"unit":"%"},"change":"NoChange"}}
{"reason":"benchmark-complete","id":"day07.baselines.nosum.realinput/sort_10k_str","report_directory":"/home/ankit/homeserver/volumes/devhome/code/aoc/2023/rust/target/criterion/reports/day07.baselines.nosum.realinput/sort_10k_str","iteration_count":[35,70,105,140,175,210,245,280,315,350,385,420,455,490,525,560,595,630,665,700,735,770,805,840,875,910,945,980,1015,1050,1085,1120,1155,1190,1225,1260,1295,1330,1365,1400,1435,1470,1505,1540,1575,1610,1645,1680,1715,1750,1785,1820,1855,1890,1925,1960,1995,2030,2065,2100,2135,2170,2205,2240,2275,2310,2345,2380,2415,2450,2485,2520,2555,2590,2625,2660,2695,2730,2765,2800,2835,2870,2905,2940,2975,3010,3045,3080,3115,3150,3185,3220,3255,3290,3325,3360,3395,3430,3465,3500],"measured_values":[1024433.0,1923479.0,2887056.0,3847418.0,4915203.0,5882908.0,6846536.0,7750991.0,8655067.0,9631238.0,10585117.0,11596886.0,12540836.0,13521909.0,14654446.0,15769139.0,16579958.0,17698028.0,18716100.0,19888284.0,20805613.0,21521411.0,22572243.0,23478193.0,24037843.0,25409797.0,26347224.0,27166288.0,28226178.0,30881696.0,29784113.0,30949533.0,31772184.0,33374553.0,33710100.0,34780230.0,36150479.0,37438551.0,38021147.0,38471932.0,39568853.0,40707873.0,42026092.0,42587979.0,43870743.0,44340383.0,46874339.0,46293588.0,47201831.0,48311826.0,49027503.0,50179468.0,51335220.0,52265435.0,53305588.0,54129771.0,55984178.0,56049572.0,56825324.0,59061285.0,59574107.0,60571689.0,61405060.0,64233054.0,75934408.0,64513787.0,71872113.0,68513202.0,66928236.0,67758821.0,68546967.0,70493478.0,70784861.0,71754130.0,72439529.0,73537743.0,75647163.0,78025074.0,77096904.0,76876274.0,77938229.0,78769816.0,80044384.0,81083556.0,82598678.0,83186725.0,84923018.0,85051682.0,88941871.0,100943294.0,88461981.0,89048273.0,89756296.0,90895916.0,92175213.0,92751828.0,93654049.0,94963162.0,95847179.0,97231464.0],"unit":"ns","throughput":[],"typical":{"estimate":27983.532491122885,"lower_bound":27763.233692143705,"upper_bound":28277.27799434926,"unit":"ns"},"mean":{"estimate":27942.259671543176,"lower_bound":27800.20106896244,"upper_bound":28119.584397686118,"unit":"ns"},"median":{"estimate":27698.3639547711,"lower_bound":27650.25560640732,"upper_bound":27848.09977324263,"unit":"ns"},