{"reason":"benchmark-complete","id":"day02.part1.realinput/part1","report_directory":"/home/ankit/code/aoc/2023/rust/target/criterion/reports/day02.part1.realinput/part1","iteration_count":[30,60,90,120,150,180,210,240,270,300,330,360,390,420,450,480,510,540,570,600,630,660,690,720,750,780,810,840,870,900,930,960,990,1020,1050,1080,1110,1140,1170,1200,1230,1260,1290,1320,1350,1380,1410,1440,1470,1500,1530,1560,1590,1620,1650,1680,1710,1740,1770,1800,1830,1860,1890,1920,1950,1980,2010,2040,2070,2100,2130,2160,2190,2220,2250,2280,2310,2340,2370,2400,2430,2460,2490,2520,2550,2580,2610,2640,2670,2700,2730,2760,2790,2820,2850,2880,2910,2940,2970,3000],"measured_values":[1040594.0,2001787.0,3035918.0,4020605.0,4990114.0,5994839.0,6976492.0,7997087.0,9042801.0,10007510.0,11032594.0,12135406.0,13084506.0,14110561.0,15146306.0,16153776.0,17283800.0,18071023.0,19660317.0,20092917.0,21113864.0,22218830.0,23397344.0,24457395.0,25067151.0,24794093.0,26306793.0,27896828.0,28495072.0,29769640.0,31065888.0,31820709.0,34161510.0,33614162.0,36609822.0,38443130.0,38449462.0,38218635.0,38727079.0,39812256.0,40798186.0,42992979.0,45482360.0,49575202.0,44380420.0,45407698.0,46052262.0,47082856.0,47752305.0,50266503.0,50841464.0,51923055.0,52533283.0,54020863.0,54260950.0,59670068.0,59906957.0,57419459.0,62191200.0,59694604.0,62098805.0,62799153.0,64270413.0,64952847.0,65860167.0,67221430.0,81411542.0,74202549.0,70651775.0,72212095.0,74419962.0,74203051.0,75154325.0,76246046.0,77924278.0,75547790.0,75281256.0,76180861.0,76585900.0,77863424.0,78889048.0,79567745.0,83900332.0,83191638.0,85442317.0,86079395.0,86964093.0,89832012.0,91411186.0,92798669.0,94811706.0,96668237.0,97340492.0,98541260.0,99782494.0,100827465.0,102017463.0,101589872.0,113478639.0,104137754.0],"unit":"ns","throughput":[],"typical":{"estimate":34186.436387468595,"lower_bound":33831.30674455879,"upper_bound":34571.016959571425,"unit":"ns"},"mean":{"estimate":33885.19248239425,"lower_bound":33662.164467697025,"upper_bound":34139.531195888914,"unit":"ns"},"median":{"estimate":33573.2945970696,"lower_bound":33432.10303030303,"upper_bound":33836.08984338476,"unit":"ns"},"median_abs_dev":{"estimate":819.9630209722781,"lower_bound":586.0859574794989,"upper_bound":1112.5885686346933,"unit":"ns"},"slope":{"estimate":34186.436387468595,"lower_bound":33831.30674455879,"upper_bound":34571.016959571425,"unit":"ns"},"change":{"mean":{"estimate":0.004107251386957778,"lower_bound":-0.006131703054546578,"upper_bound":0.013719109298305105,"unit":"%"},"median":{"estimate":0.0032664003469990988,"lower_bound":-0.0012891340165229748,"upper_bound":0.009385027811599667,"unit":"%"},"change":"NoChange"}}
{"reason":"group-complete","group_name":"day02.part1.realinput","benchmarks":["day02.part1.realinput/part1"],"report_directory":"/home/ankit/code/aoc/2023/rust/target/criterion/reports/day02.part1.realinput"}
