{"reason":"benchmark-complete","id":"day02.part1.realinput/part1.nosum","report_directory":"/home/ankit/code/aoc/2023/rust/target/criterion/reports/day02.part1.realinput/part1.nosum","iteration_count":[32,64,96,128,160,192,224,256,288,320,352,384,416,448,480,512,544,576,608,640,672,704,736,768,800,832,864,896,928,960,992,1024,1056,1088,1120,1152,1184,1216,1248,1280,1312,1344,1376,1408,1440,1472,1504,1536,1568,1600,1632,1664,1696,1728,1760,1792,1824,1856,1888,1920,1952,1984,2016,2048,2080,2112,2144,2176,2208,2240,2272,2304,2336,2368,2400,2432,2464,2496,2528,2560,2592,2624,2656,2688,2720,2752,2784,2816,2848,2880,2912,2944,2976,3008,3040,3072,3104,3136,3168,3200],"measured_values":[988876.0,2032896.0,2913306.0,3899907.0,4883924.0,5880814.0,6853319.0,7832847.0,8838074.0,9775982.0,10765339.0,11742813.0,12728091.0,13700496.0,14686866.0,15671524.0,16703723.0,17809320.0,18672908.0,19558998.0,20452243.0,21469793.0,22452226.0,23613308.0,24599007.0,25735664.0,34773717.0,29347505.0,31644962.0,29655739.0,30625618.0,31389077.0,32363655.0,33426341.0,34436737.0,35475617.0,36559113.0,41172484.0,42949433.0,41010887.0,42039527.0,42807264.0,43788895.0,44253257.0,45464463.0,46490400.0,46807652.0,45861467.0,46831756.0,47846201.0,48677910.0,49461084.0,50383202.0,51979211.0,55102315.0,56202851.0,57369304.0,58314247.0,59039292.0,59580126.0,60837582.0,61880721.0,62061673.0,72532785.0,84009743.0,66282210.0,68122410.0,74314794.0,88969100.0,75059307.0,73337132.0,73897645.0,75697718.0,75641552.0,76730316.0,80874708.0,83328371.0,79949282.0,80287404.0,81078313.0,82038114.0,82827681.0,83417321.0,84280086.0,85775062.0,87144659.0,89603754.0,88725948.0,91939625.0,90450319.0,92669720.0,91454033.0,91881746.0,92386181.0,92709696.0,106402867.0,98723012.0,99378734.0,100216223.0,100270546.0],"unit":"ns","throughput":[],"typical":{"estimate":31962.38813645264,"lower_bound":31589.621214758863,"upper_bound":32416.987144193692,"unit":"ns"},"mean":{"estimate":31651.29417284341,"lower_bound":31318.135926361483,"upper_bound":32043.315345403247,"unit":"ns"},"median":{"estimate":31289.47248170262,"lower_bound":30891.394791666666,"upper_bound":31468.83203125,"unit":"ns"},"median_abs_dev":{"estimate":917.5755722240107,"lower_bound":630.6381032986129,"upper_bound":1097.0374735954467,"unit":"ns"},"slope":{"estimate":31962.38813645264,"lower_bound":31589.621214758863,"upper_bound":32416.987144193692,"unit":"ns"},"change":{"mean":{"estimate":0.004661709638769329,"lower_bound":-0.008389555342967318,"upper_bound":0.01944640275078766,"unit":"%"},"median":{"estimate":-0.002002846231167754,"lower_bound":-0.01495602293469589,"upper_bound":0.004303716723702555,"unit":"%"},"change":"NoChange"}}
{"reason":"group-complete","group_name":"day02.part1.realinput","benchmarks":["day02.part1.realinput/part1_parsing","day02.part1.realinput/part1","day02.part1.realinput/part1.nosum"],"report_directory":"/home/ankit/code/aoc/2023/rust/target/criterion/reports/day02.part1.realinput"}
{"reason":"benchmark-complete","id":"day02.part1.realinput/part1_parsing","report_directory":"/home/ankit/code/aoc/2023/rust/target/criterion/reports/day02.part1.realinput/part1_parsing","iteration_count":[136,272,408,544,680,816,952,1088,1224,1360,1496,1632,1768,1904,2040,2176,2312,2448,2584,2720,2856,2992,3128,3264,3400,3536,3672,3808,3944,4080,4216,4352,4488,4624,4760,4896,5032,5168,5304,5440,5576,5712,5848,5984,6120,6256,6392,6528,6664,6800,6936,7072,7208,7344,7480,7616,7752,7888,8024,8160,8296,8432,8568,8704,8840,8976,9112,9248,9384,9520,9656,9792,9928,10064,10200,10336,10472,10608,10744,10880,11016,11152,11288,11424,11560,11696,11832,11968,12104,12240,12376,12512,12648,12784,12920,13056,13192,13328,13464,13600],"measured_values":[979437.0,1981027.0,2934937.0,3901541.0,4924721.0,5953352.0,6982023.0,7941834.0,8909659.0,9868057.0,10855369.0,11818066.0,12799407.0,13657284.0,14687809.0,15698866.0,16616637.0,17581457.0,18654112.0,19624984.0,20576789.0,21559001.0,22858967.0,23723827.0,24450054.0,25377966.0,26470357.0,27465254.0,28489336.0,29448987.0,30652429.0,31814843.0,32632315.0,33422624.0,34645363.0,35751401.0,36734155.0,37370412.0,38711405.0,39813045.0,40576543.0,41303501.0,42319860.0,43323192.0,44188293.0,45174514.0,46072788.0,46990949.0,63175507.0,56073005.0,50914101.0,51412486.0,52439463.0,53148558.0,54308659.0,55293627.0,56408111.0,57629698.0,58194650.0,59122198.0,61301763.0,61116152.0,62230844.0,63446481.0,64045548.0,64900659.0,66105284.0,67238033.0,68271643.0,70594319.0,71062696.0,71477634.0,72578472.0,73131680.0,74214104.0,78170948.0,95856725.0,85441940.0,81067824.0,81274446.0,86411398.0,82938272.0,84268504.0,84632205.0,87175328.0,86830465.0,89290119.0,88720780.0,88882466.0,89703744.0,90517396.0,91626551.0,93261502.0,96032157.0,95796630.0,96792119.0,97372329.0,98268559.0,99375127.0,100528145.0],"unit":"ns","throughput":[],"typical":{"estimate":7430.857909230783,"lower_bound":7364.228560730574,"upper_bound":7516.454862069535,"unit":"ns"},"mean":{"estimate":7358.021864896958,"lower_bound":7302.683591417564,"upper_bound":7428.801483324758,"unit":"ns"},"median":{"estimate":7275.6084121909635,"lower_bound":7260.515909090909,"upper_bound":7299.479779411765,"unit":"ns"},"median_abs_dev":{"estimate":79.87297228401764,"lower_bound":57.275285176471414,"upper_bound":110.5438505180621,"unit":"ns"},"slope":{"estimate":7430.857909230783,"lower_bound":7364.228560730574,"upper_bound":7516.454862069535,"unit":"ns"},"change":{"mean":{"estimate":0.024641891852284603,"lower_bound":0.011827258257416623,"upper_bound":0.037516655428998735,"unit":"%"},"median":{"estimate":0.02575042100144942,"lower_bound":0.020324337306556917,"upper_bound":0.03008629702528931,"unit":"%"},"change":"Regressed"}}
{"reason":"group-complete","group_name":"day02.part1.realinput","benchmarks":["day02.part1.realinput/part1","day02.part1.realinput/part1.nosum","day02.part1.realinput/part1_parsing"],"report_directory":"/home/ankit/code/aoc/2023/rust/target/criterion/reports/day02.part1.realinput"}
{"reason":"benchmark-complete","id":"day02.part2.realinput/part2.nosum","report_directory":"/home/ankit/code/aoc/2023/rust/target/criterion/reports/day02.part2.realinput/part2.nosum","iteration_count":[21,42,63,84,105,126,147,168,189,210,231,252,273,294,315,336,357,378,399,420,441,462,483,504,525,546,567,588,609,630,651,672,693,714,735,756,777,798,819,840,861,882,903,924,945,966,987,1008,1029,1050,1071,1092,1113,1134,1155,1176,1197,1218,1239,1260,1281,1302,1323,1344,1365,1386,1407,1428,1449,1470,1491,1512,1533,1554,1575,1596,1617,1638,1659,1680,1701,1722,1743,1764,1785,1806,1827,1848,1869,1890,1911,1932,1953,1974,1995,2016,2037,2058,2079,2100],"measured_values":[1003143.0,2001036.0,3017814.0,4035154.0,5030081.0,6261616.0,7462014.0,8642272.0,9115830.0,10125044.0,11166490.0,12414287.0,14811484.0,14311244.0,15196564.0,16397051.0,17224591.0,18203678.0,19252287.0,20236594.0,21159534.0,22247678.0,23320923.0,23933755.0,24646849.0,25604706.0,26675827.0,27726240.0,28687653.0,29811744.0,30790230.0,31684747.0,32737294.0,33856697.0,34976080.0,35640720.0,36601694.0,37642277.0,38645590.0,39952118.0,40605527.0,41692390.0,43117733.0,44176481.0,45581645.0,46422000.0,47246554.0,48239577.0,49323032.0,50439040.0,51381327.0,52450435.0,57469584.0,55966023.0,62050974.0,59644389.0,58932980.0,61470052.0,61731237.0,65510997.0,62792040.0,63321854.0,71758708.0,65190900.0,68370921.0,65805857.0,66772089.0,67830387.0,68822899.0,70115259.0,71664699.0,71952054.0,77883914.0,82092457.0,75796435.0,76207746.0,77314835.0,78135573.0,83307593.0,80072235.0,81300555.0,85086806.0,85197046.0,85108618.0,85488770.0,86298244.0,86672926.0,87385286.0,88031682.0,89409616.0,90883762.0,92133021.0,94007767.0,104109988.0,99901868.0,96851731.0,97487708.0,97745537.0,99152035.0,101049504.0],"unit":"ns","throughput":[],"typical":{"estimate":48520.50944246237,"lower_bound":48151.399032615656,"upper_bound":48948.80898327858,"unit":"ns"},"mean":{"estimate":48474.06003238955,"lower_bound":48174.99479398327,"upper_bound":48796.79590773158,"unit":"ns"},