{"reason":"benchmark-complete","id":"day02.part1.realinput/part1","report_directory":"/home/ankit/code/aoc/2023/rust/target/criterion/reports/day02.part1.realinput/part1","iteration_count":[21,42,63,84,105,126,147,168,189,210,231,252,273,294,315,336,357,378,399,420,441,462,483,504,525,546,567,588,609,630,651,672,693,714,735,756,777,798,819,840,861,882,903,924,945,966,987,1008,1029,1050,1071,1092,1113,1134,1155,1176,1197,1218,1239,1260,1281,1302,1323,1344,1365,1386,1407,1428,1449,1470,1491,1512,1533,1554,1575,1596,1617,1638,1659,1680,1701,1722,1743,1764,1785,1806,1827,1848,1869,1890,1911,1932,1953,1974,1995,2016,2037,2058,2079,2100],"measured_values":[1070962.0,2039028.0,3043824.0,4080901.0,5205254.0,6101895.0,7119234.0,8136644.0,9168001.0,10185892.0,11204304.0,12223267.0,13307685.0,14270600.0,15430701.0,16377989.0,17298224.0,18313219.0,19318557.0,20331257.0,21370379.0,22372440.0,23350395.0,24402341.0,25462621.0,26505419.0,27539792.0,29176346.0,29926309.0,31009705.0,32223877.0,33968748.0,34376691.0,35207347.0,36138854.0,37199996.0,37773666.0,38827064.0,39794759.0,40932678.0,41936713.0,42957349.0,43740684.0,44769857.0,46722982.0,47383205.0,48281859.0,49145487.0,50014977.0,50927387.0,52022925.0,53065503.0,54228880.0,55843904.0,56651085.0,64074567.0,63830624.0,61266330.0,61314712.0,62531631.0,65785873.0,67826053.0,66824093.0,67170761.0,67657264.0,68565446.0,69915778.0,70326757.0,71435962.0,72254514.0,72891292.0,76177266.0,77922035.0,75590843.0,76042300.0,77253567.0,78245469.0,79193308.0,80534981.0,81691305.0,83321658.0,87998250.0,87461711.0,89363861.0,88634335.0,89255865.0,92148653.0,91370236.0,92265164.0,93441435.0,94572681.0,95266928.0,97257114.0,119081644.0,98621050.0,98716872.0,100432276.0,101332304.0,102271586.0,103251133.0],"unit":"ns","throughput":[],"typical":{"estimate":49754.638060475554,"lower_bound":49311.149273381736,"upper_bound":50429.26649071517,"unit":"ns"},"mean":{"estimate":49348.44251387689,"lower_bound":49092.659178087415,"upper_bound":49670.226080412715,"unit":"ns"},"median":{"estimate":49017.45541125541,"lower_bound":48718.181155632985,"upper_bound":49238.24295432459,"unit":"ns"},"median_abs_dev":{"estimate":705.0968935908572,"lower_bound":449.54990451889586,"upper_bound":942.7730605500172,"unit":"ns"},"slope":{"estimate":49754.638060475554,"lower_bound":49311.149273381736,"upper_bound":50429.26649071517,"unit":"ns"},"change":{"mean":{"estimate":0.020824902875915097,"lower_bound":0.012995954955411632,"upper_bound":0.029434662573410795,"unit":"%"},"median":{"estimate":0.020814840179145477,"lower_bound":0.013510752782752267,"upper_bound":0.026653131392399443,"unit":"%"},"change":"Regressed"}}
{"reason":"group-complete","group_name":"day02.part1.realinput","benchmarks":["day02.part1.realinput/part1_core.nosum","day02.part1.realinput/part1"],"report_directory":"/home/ankit/code/aoc/2023/rust/target/criterion/reports/day02.part1.realinput"}
{"reason":"benchmark-complete","id":"day02.part2.realinput/part2","report_directory":"/home/ankit/code/aoc/2023/rust/target/criterion/reports/day02.part2.realinput/part2","iteration_count":[17,34,51,68,85,102,119,136,153,170,187,204,221,238,255,272,289,306,323,340,357,374,391,408,425,442,459,476,493,510,527,544,561,578,595,612,629,646,663,680,697,714,731,748,765,782,799,816,833,850,867,884,901,918,935,952,969,986,1003,1020,1037,1054,1071,1088,1105,1122,1139,1156,1173,1190,1207,1224,1241,1258,1275,1292,1309,1326,1343,1360,1377,1394,1411,1428,1445,1462,1479,1496,1513,1530,1547,1564,1581,1598,1615,1632,1649,1666,1683,1700],"measured_values":[1180860.0,2043847.0,3104539.0,4164941.0,5270648.0,6185834.0,7294948.0,8175829.0,9198680.0,10227201.0,11318571.0,15896315.0,16405119.0,18592329.0,21610985.0,19355938.0,18231144.0,19337653.0,21042908.0,22232313.0,22397286.0,23565954.0,24723289.0,25744648.0,26841908.0,27670801.0,28699942.0,29709207.0,30745212.0,31609893.0,32672347.0,33659912.0,35074535.0,35997325.0,37027340.0,37689065.0,38534889.0,39729786.0,40576403.0,41552623.0,42838794.0,43818222.0,44861642.0,45953021.0,47636795.0,48203119.0,50044673.0,52440408.0,51990544.0,52694940.0,53749821.0,54999241.0,55536801.0,56815667.0,59924484.0,59462568.0,59393728.0,60374689.0,61720701.0,62583529.0,64061162.0,64439240.0,67229302.0,68949555.0,68161931.0,68801944.0,77656623.0,71258164.0,71394763.0,72324207.0,73488265.0,75755656.0,76042631.0,78750717.0,78632753.0,78946529.0,80170300.0,99016500.0,84270157.0,84307749.0,85771034.0,86970451.0,88182900.0,89467155.0,90177695.0,90973633.0,92743702.0,93349842.0,94718447.0,104796475.0,99220057.0,104887558.0,102375754.0,101053404.0,101261419.0,102867375.0,108637291.0,104892187.0,104434028.0,104134889.0],"unit":"ns","throughput":[],"typical":{"estimate":62976.54371056772,"lower_bound":62398.72160128637,"upper_bound":63649.224111335796,"unit":"ns"},"mean":{"estimate":63261.77979739955,"lower_bound":62557.19428095066,"upper_bound":64088.37840563765,"unit":"ns"},"median":{"estimate":62250.57189542484,"lower_bound":61942.942361912086,"upper_bound":62460.68067226891,"unit":"ns"},"median_abs_dev":{"estimate":1222.4208758047687,"lower_bound":895.7898858193079,"upper_bound":1449.709451864726,"unit":"ns"},"slope":{"estimate":62976.54371056772,"lower_bound":62398.72160128637,"upper_bound":63649.224111335796,"unit":"ns"},"change":{"mean":{"estimate":-0.25363665045760053,"lower_bound":-0.263892529032411,"upper_bound":-0.2426929281010017,"unit":"%"},"median":{"estimate":-0.259806757848141,"lower_bound":-0.26590014754327584,"upper_bound":-0.25601512748643285,"unit":"%"},"change":"Improved"}}
{"reason":"group-complete","group_name":"day02.part2.realinput","benchmarks":["day02.part2.realinput/part2"],"report_directory":"/home/ankit/code/aoc/2023/rust/target/criterion/reports/day02.part2.realinput"}
