{"reason":"benchmark-complete","id":"day02.part1.realinput/part1","report_directory":"/home/ankit/code/aoc/2023/rust/target/criterion/reports/day02.part1.realinput/part1","iteration_count":[26,52,78,104,130,156,182,208,234,260,286,312,338,364,390,416,442,468,494,520,546,572,598,624,650,676,702,728,754,780,806,832,858,884,910,936,962,988,1014,1040,1066,1092,1118,1144,1170,1196,1222,1248,1274,1300,1326,1352,1378,1404,1430,1456,1482,1508,1534,1560,1586,1612,1638,1664,1690,1716,1742,1768,1794,1820,1846,1872,1898,1924,1950,1976,2002,2028,2054,2080,2106,2132,2158,2184,2210,2236,2262,2288,2314,2340,2366,2392,2418,2444,2470,2496,2522,2548,2574,2600],"measured_values":[1018492.0,2022816.0,3029836.0,4004775.0,5943263.0,8262361.0,6943478.0,8200102.0,8923935.0,9907411.0,11617303.0,12141036.0,13158826.0,14155517.0,15155193.0,16143709.0,17164704.0,18167005.0,19188594.0,20184952.0,21179479.0,22201197.0,23205561.0,24201190.0,25339900.0,26270875.0,27249380.0,28179896.0,29208707.0,30181251.0,31178213.0,32695780.0,33297903.0,34330981.0,35302604.0,36366863.0,37326834.0,38192275.0,37625030.0,38354312.0,39246203.0,40013700.0,40856427.0,42067384.0,43351009.0,44163801.0,45096189.0,46067211.0,47195160.0,48398873.0,49625129.0,50273278.0,51356021.0,51645180.0,52760715.0,54070699.0,54855518.0,56006702.0,56800116.0,57604071.0,58615019.0,59751534.0,60542524.0,61753080.0,62803983.0,63349808.0,64264494.0,65103314.0,66887839.0,68144542.0,68555572.0,69647102.0,75545238.0,78405322.0,71746713.0,72461319.0,73212073.0,74170210.0,75472811.0,76166175.0,77007992.0,77600697.0,77445612.0,80336025.0,83037648.0,82843199.0,83951771.0,84774542.0,89802468.0,90817673.0,90995000.0,91902772.0,92921283.0,93236461.0,95648906.0,96949543.0,96681165.0,97254151.0,97182615.0,102462328.0],"unit":"ns","throughput":[],"typical":{"estimate":37640.0669370588,"lower_bound":37375.77599955283,"upper_bound":37904.3041524816,"unit":"ns"},"mean":{"estimate":38128.32195636317,"lower_bound":37790.22094839152,"upper_bound":38557.10872137484,"unit":"ns"},"median":{"estimate":38120.95064102564,"lower_bound":37184.37721893491,"upper_bound":38656.1487854251,"unit":"ns"},"median_abs_dev":{"estimate":1373.5366273850686,"lower_bound":707.4023942730846,"upper_bound":1595.4126965384967,"unit":"ns"},"slope":{"estimate":37640.0669370588,"lower_bound":37375.77599955283,"upper_bound":37904.3041524816,"unit":"ns"},"change":{"mean":{"estimate":-0.05836584591602212,"lower_bound":-0.07099499025889572,"upper_bound":-0.045143851678350555,"unit":"%"},"median":{"estimate":-0.0578525689444267,"lower_bound":-0.08252006660916333,"upper_bound":-0.04592823879854449,"unit":"%"},"change":"Improved"}}
{"reason":"group-complete","group_name":"day02.part1.realinput","benchmarks":["day02.part1.realinput/part1"],"report_directory":"/home/ankit/code/aoc/2023/rust/target/criterion/reports/day02.part1.realinput"}
