{"reason":"benchmark-complete","id":"day02.part1.realinput/part1.nosum","report_directory":"/home/ankit/code/aoc/2023/rust/target/criterion/reports/day02.part1.realinput/part1.nosum","iteration_count":[32,64,96,128,160,192,224,256,288,320,352,384,416,448,480,512,544,576,608,640,672,704,736,768,800,832,864,896,928,960,992,1024,1056,1088,1120,1152,1184,1216,1248,1280,1312,1344,1376,1408,1440,1472,1504,1536,1568,1600,1632,1664,1696,1728,1760,1792,1824,1856,1888,1920,1952,1984,2016,2048,2080,2112,2144,2176,2208,2240,2272,2304,2336,2368,2400,2432,2464,2496,2528,2560,2592,2624,2656,2688,2720,2752,2784,2816,2848,2880,2912,2944,2976,3008,3040,3072,3104,3136,3168,3200],"measured_values":[1023802.0,1947945.0,2979401.0,4170630.0,6544773.0,8070608.0,6889186.0,7854968.0,8771997.0,9758789.0,10673634.0,11640548.0,12564691.0,13498492.0,14579472.0,17640047.0,17108880.0,18026209.0,19264218.0,20050048.0,20404310.0,21291993.0,22516816.0,23162421.0,24742768.0,25756130.0,26738644.0,27907450.0,28578393.0,29690973.0,30588645.0,31780587.0,32930356.0,33776432.0,35984851.0,36659349.0,37803640.0,37644869.0,38680713.0,40234420.0,41250767.0,42231378.0,43892258.0,43835500.0,44809868.0,46522496.0,48311559.0,47661307.0,48599315.0,50032734.0,53799478.0,50557229.0,51211019.0,52414542.0,53173781.0,54240585.0,57555972.0,59392185.0,59518064.0,60348139.0,61216095.0,62178339.0,63537437.0,64128869.0,65332272.0,66829020.0,66927357.0,67358905.0,68725767.0,66871602.0,67224120.0,68325198.0,70750969.0,71529686.0,72194737.0,72958786.0,76617476.0,80355806.0,79994311.0,86378809.0,83584459.0,83684990.0,82604701.0,85583100.0,105855179.0,96248810.0,91296957.0,92243904.0,90064329.0,89407954.0,93287361.0,94801644.0,95093518.0,95920126.0,97352643.0,113375312.0,100557291.0,99866891.0,101308345.0,102018963.0],"unit":"ns","throughput":[],"typical":{"estimate":31874.9557258571,"lower_bound":31445.244908591405,"upper_bound":32375.673814684553,"unit":"ns"},"mean":{"estimate":31627.925237572104,"lower_bound":31285.66918313187,"upper_bound":32033.051902162282,"unit":"ns"},"median":{"estimate":31282.980243055557,"lower_bound":31044.514705882353,"upper_bound":31441.643841911762,"unit":"ns"},"median_abs_dev":{"estimate":900.3272581345822,"lower_bound":639.7564177893203,"upper_bound":1145.9014305576245,"unit":"ns"},"slope":{"estimate":31874.9557258571,"lower_bound":31445.244908591405,"upper_bound":32375.673814684553,"unit":"ns"},"change":{"mean":{"estimate":-0.05450693892574754,"lower_bound":-0.06977820551850822,"upper_bound":-0.038286039614858006,"unit":"%"},"median":{"estimate":-0.04826217855348036,"lower_bound":-0.056622324539469804,"upper_bound":-0.042113587536187214,"unit":"%"},"change":"Improved"}}
{"reason":"group-complete","group_name":"day02.part1.realinput","benchmarks":["day02.part1.realinput/part1","day02.part1.realinput/part1.nosum"],"report_directory":"/home/ankit/code/aoc/2023/rust/target/criterion/reports/day02.part1.realinput"}
{"reason":"benchmark-complete","id":"day02.part1_parsing.realinput/part1_parsing","report_directory":"/home/ankit/code/aoc/2023/rust/target/criterion/reports/day02.part1_parsing.realinput/part1_parsing","iteration_count":[140,280,420,560,700,840,980,1120,1260,1400,1540,1680,1820,1960,2100,2240,2380,2520,2660,2800,2940,3080,3220,3360,3500,3640,3780,3920,4060,4200,4340,4480,4620,4760,4900,5040,5180,5320,5460,5600,5740,5880,6020,6160,6300,6440,6580,6720,6860,7000,7140,7280,7420,7560,7700,7840,7980,8120,8260,8400,8540,8680,8820,8960,9100,9240,9380,9520,9660,9800,9940,10080,10220,10360,10500,10640,10780,10920,11060,11200,11340,11480,11620,11760,11900,12040,12180,12320,12460,12600,12740,12880,13020,13160,13300,13440,13580,13720,13860,14000],"measured_values":[1015636.0,1947534.0,2910500.0,3873026.0,4951251.0,5883619.0,6852186.0,7832415.0,8790582.0,9838590.0,10869315.0,11729487.0,12777695.0,13801556.0,14874471.0,19717407.0,17040349.0,23702255.0,20221013.0,19760047.0,20825689.0,21579899.0,22551883.0,25610985.0,25967772.0,25627757.0,26524026.0,27846034.0,28189906.0,29200463.0,30208705.0,31389595.0,32373922.0,33170723.0,34233629.0,35178180.0,35886954.0,43976267.0,40972069.0,43756801.0,40577811.0,41513817.0,43877049.0,43566570.0,44313276.0,45181022.0,46221666.0,47186294.0,47716441.0,48771852.0,59108177.0,51651103.0,52289514.0,53214728.0,54047959.0,54753086.0,55970535.0,57085610.0,60401239.0,59285212.0,59759953.0,60413443.0,61771759.0,62339356.0,63565962.0,66128011.0,77261918.0,67158716.0,67760847.0,68264794.0,69082314.0,69552676.0,70535641.0,75310627.0,73688391.0,74279281.0,75888804.0,76477991.0,77796071.0,79101045.0,79634719.0,80126652.0,81300378.0,82196697.0,83155266.0,84349119.0,87652044.0,85320372.0,86855403.0,88885343.0,88811373.0,89564040.0,95302725.0,93276291.0,94384753.0,94331432.0,98528463.0,97438485.0,97500914.0,98240126.0],"unit":"ns","throughput":[],"typical":{"estimate":7082.827538136756,"lower_bound":7041.40687723341,"upper_bound":7134.233828196998,"unit":"ns"},"mean":{"estimate":7138.132908366248,"lower_bound":7070.696860103413,"upper_bound":7218.978791721002,"unit":"ns"},"median":{"estimate":7019.963496503497,"lower_bound":7006.606026785715,"upper_bound":7038.985185185185,"unit":"ns"},"median_abs_dev":{"estimate":63.70800480645729,"lower_bound":51.270736720303255,"upper_bound":88.86147840223127,"unit":"ns"},"slope":{"estimate":7082.827538136756,"lower_bound":7041.40687723341,"upper_bound":7134.233828196998,"unit":"ns"},"change":{"mean":{"estimate":-0.03068168296819207,"lower_bound":-0.04526301158541452,"upper_bound":-0.015824694944180977,"unit":"%"},"median":{"estimate":-0.024870677852836587,"lower_bound":-0.0318986265523058,"upper_bound":-0.01743281073276748,"unit":"%"},"change":"Improved"}}
{"reason":"group-complete","group_name":"day02.part1_parsing.realinput","benchmarks":["day02.part1_parsing.realinput/part1_parsing"],"report_directory":"/home/ankit/code/aoc/2023/rust/target/criterion/reports/day02.part1_parsing.realinput"}
{"reason":"benchmark-complete","id":"day02.part2.realinput/part2.nosum","report_directory":"/home/ankit/code/aoc/2023/rust/target/criterion/reports/day02.part2.realinput/part2.nosum","iteration_count":[21,42,63,84,105,126,147,168,189,210,231,252,273,294,315,336,357,378,399,420,441,462,483,504,525,546,567,588,609,630,651,672,693,714,735,756,777,798,819,840,861,882,903,924,945,966,987,1008,1029,1050,1071,1092,1113,1134,1155,1176,1197,1218,1239,1260,1281,1302,1323,1344,1365,1386,1407,1428,1449,1470,1491,1512,1533,1554,1575,1596,1617,1638,1659,1680,1701,1722,1743,1764,1785,1806,1827,1848,1869,1890,1911,1932,1953,1974,1995,2016,2037,2058,2079,2100],"measured_values":[1019063.0,1945490.0,2915580.0,3889867.0,4860328.0,5843934.0,6818682.0,7786658.0,8753482.0,9741736.0,10702869.0,11689150.0,12665070.0,13624461.0,14637652.0,15572846.0,16662683.0,17489531.0,18519124.0,19498732.0,20496605.0,21434213.0,22342606.0,23324578.0,24266885.0,25298532.0,26284662.0,27258530.0,28260490.0,29234999.0,30184729.0,31167694.0,32131091.0,33117362.0,34065801.0,35131622.0,35864863.0,37226415.0,37864906.0,38790130.0,39846244.0,40704572.0,41534196.0,42495920.0,44501603.0,44761407.0,45786079.0,46768653.0,48134774.0,48719362.0,49623498.0,50219598.0,51154352.0,52190516.0,53129667.0,53954392.0,54877703.0,55952611.0,57179309.0,58165699.0,58348366.0,60121178.0,76156651.0,62258040.0,62401273.0,63111150.0,63977422.0,64912806.0,65864311.0,66915625.0,67724799.0,68789579.0,88487558.0,71942560.0,72700396.0,74048564.0,74095232.0,75239613.0,76126604.0,77349494.0,90762013.0,88260618.0,84437808.0,81409294.0,82447773.0,87791579.0,86076787.0,94538315.0,88259627.0,88757822.0,89660764.0,90649500.0,91065208.0,91530089.0,92489959.0,93549549.0,94388030.0,94791264.0,95683778.0,96192653.0],"unit":"ns","throughput":[],"typical":{"estimate":46978.57846847798,"lower_bound":46448.71713110787,"upper_bound":47621.96036897799,"unit":"ns"},"mean":{"estimate":46709.39007277401,"lower_bound":46378.07230882851,"upper_bound":47120.53929265397,"unit":"ns"},"median":{"estimate":46335.546089649186,