{"reason":"benchmark-complete","id":"day09.parse.nosum.realinput/parse","report_directory":"/home/ankit/homeserver/volumes/devhome/code/aoc/2023/rust/target/criterion/reports/day09.parse.nosum.realinput/parse","iteration_count":[12,24,36,48,60,72,84,96,108,120,132,144,156,168,180,192,204,216,228,240,252,264,276,288,300,312,324,336,348,360,372,384,396,408,420,432,444,456,468,480,492,504,516,528,540,552,564,576,588,600,612,624,636,648,660,672,684,696,708,720,732,744,756,768,780,792,804,816,828,840,852,864,876,888,900,912,924,936,948,960,972,984,996,1008,1020,1032,1044,1056,1068,1080,1092,1104,1116,1128,1140,1152,1164,1176,1188,1200],"measured_values":[1041396.0,2010173.0,3007254.0,4145785.0,5541423.0,6336901.0,6969491.0,8045822.0,9002197.0,10187175.0,11178906.0,11909753.0,12922985.0,13897364.0,14924662.0,15812115.0,16791854.0,17746956.0,18903209.0,20002525.0,20973196.0,21956592.0,22819258.0,23686924.0,24676912.0,25603461.0,26643633.0,27712090.0,28797349.0,29800441.0,30744392.0,31559839.0,32720871.0,33546367.0,34723260.0,35585295.0,36582076.0,38923297.0,38939900.0,39876385.0,40928132.0,41732356.0,42569304.0,43475452.0,44873656.0,46755755.0,46664804.0,48979405.0,48451983.0,49885203.0,50845724.0,51378666.0,52738846.0,53897815.0,54348109.0,55691227.0,56167581.0,57916067.0,58935110.0,59348795.0,60785871.0,61438619.0,62587900.0,64369219.0,67120488.0,66390003.0,66686555.0,67349171.0,68305647.0,69285435.0,78923208.0,75600244.0,72289834.0,73454734.0,84651144.0,75991236.0,76836460.0,78829069.0,79112357.0,79645768.0,81183326.0,81700165.0,83029387.0,83994939.0,84523291.0,86654033.0,86946558.0,88023611.0,88931984.0,91026619.0,91006529.0,92016386.0,92850137.0,93921078.0,95118801.0,96009400.0,96856187.0,96953672.0,100151086.0,99516523.0],"unit":"ns","throughput":[],"typical":{"estimate":83605.54810822126,"lower_bound":83195.0400114561,"upper_bound":84144.80281213726,"unit":"ns"},"mean":{"estimate":83553.05229311707,"lower_bound":83197.62280433977,"upper_bound":83974.37094830077,"unit":"ns"},"median":{"estimate":83078.5252246732,"lower_bound":82894.31929563492,"upper_bound":83209.78264604812,"unit":"ns"},"median_abs_dev":{"estimate":620.0283677379427,"lower_bound":466.8482818850356,"upper_bound":928.4958496859855,"unit":"ns"},"slope":{"estimate":83605.54810822126,"lower_bound":83195.0400114561,"upper_bound":84144.80281213726,"unit":"ns"},"change":{"mean":{"estimate":-0.0492676992712191,"lower_bound":-0.06663055398257801,"upper_bound":-0.03503072229654205,"unit":"%"},"median":{"estimate":-0.03295687639660261,"lower_bound":-0.03752009452405536,"upper_bound":-0.029313690375444845,"unit":"%"},"change":"Improved"}}
{"reason":"group-complete","group_name":"day09.parse.nosum.realinput","benchmarks":["day09.parse.nosum.realinput/parse"],"report_directory":"/home/ankit/homeserver/volumes/devhome/code/aoc/2023/rust/target/criterion/reports/day09.parse.nosum.realinput"}
{"reason":"benchmark-complete","id":"day09.part1.realinput/part1","report_directory":"/home/ankit/homeserver/volumes/devhome/code/aoc/2023/rust/target/criterion/reports/day09.part1.realinput/part1","iteration_count":[10,20,30,40,50,60,70,80,90,100,110,120,130,140,150,160,170,180,190,200,210,220,230,240,250,260,270,280,290,300,310,320,330,340,350,360,370,380,390,400,410,420,430,440,450,460,470,480,490,500,510,520,530,540,550,560,570,580,590,600,610,620,630,640,650,660,670,680,690,700,710,720,730,740,750,760,770,780,790,800,810,820,830,840,850,860,870,880,890,900,910,920,930,940,950,960,970,980,990,1000],"measured_values":[1080600.0,2134219.0,3150727.0,4215287.0,7281864.0,9397176.0,9190324.0,10358941.0,9565806.0,10828131.0,15058116.0,18798521.0,19291236.0,17829783.0,16372609.0,20859911.0,25126516.0,25691116.0,26098880.0,28159680.0,27551025.0,27652306.0,29266168.0,27476162.0,25998059.0,27261616.0,27858418.0,28807087.0,29690302.0,30679729.0,31705235.0,33429456.0,33898485.0,35289013.0,38494084.0,37149413.0,38790767.0,39052032.0,40317342.0,41202161.0,41969517.0,42983279.0,44030917.0,45153546.0,46036802.0,47100611.0,48433278.0,49121584.0,50191022.0,51090779.0,52891084.0,53370945.0,54384618.0,55168876.0,56356348.0,57763047.0,58760178.0,59496786.0,60183168.0,61294637.0,62452653.0,64091842.0,67854260.0,65863864.0,67062999.0,67727941.0,70119026.0,77231168.0,74892491.0,72390986.0,72310744.0,72932323.0,74622400.0,75499854.0,75725362.0,77080171.0,78254139.0,78987049.0,80555965.0,82020133.0,82416484.0,83779991.0,84786750.0,91909963.0,85959405.0,86973027.0,87859029.0,89575184.0,99437974.0,91869968.0,93051920.0,98448086.0,96799469.0,96053494.0,96828434.0,97657186.0,98731925.0,99866918.0,101263988.0,101420024.0],"unit":"ns","throughput":[],"typical":{"estimate":103455.33947332644,"lower_bound":102801.280770993,"upper_bound":104259.34815651059,"unit":"ns"},"mean":{"estimate":109203.04989982343,"lower_bound":106679.05680120044,"upper_bound":112023.01326411328,"unit":"ns"},"median":{"estimate":102897.37053571429,"lower_bound":102466.08727272728,"upper_bound":103377.8,"unit":"ns"},"median_abs_dev":{"estimate":1590.917015456987,"lower_bound":924.6522168016272,"upper_bound":2444.8058122210264,"unit":"ns"},"slope":{"estimate":103455.33947332644,"lower_bound":102801.280770993,"upper_bound":104259.34815651059,"unit":"ns"},"change":{"mean":{"estimate":-0.5153815425361177,"lower_bound":-0.5279929818518633,"upper_bound":-0.5016700285412393,"unit":"%"},"median":{"estimate":-0.5371046440808414,"lower_bound":-0.5392957280025177,"upper_bound":-0.5338155213831752,"unit":"%"},"change":"Improved"}}
{"reason":"group-complete","group_name":"day09.part1.realinput","benchmarks":["day09.part1.realinput/part1"],"report_directory":"/home/ankit/homeserver/volumes/devhome/code/aoc/2023/rust/target/criterion/reports/day09.part1.realinput"}
{"reason":"benchmark-complete","id":"day09.part2.realinput/part2","report_directory":"/home/ankit/homeserver/volumes/devhome/code/aoc/2023/rust/target/criterion/reports/day09.part2.realinput/part2","iteration_count":[5,10,15,20,25,30,35,40,45,50,55,60,65,70,75,80,85,90,95,100,105,110,115,120,125,130,135,140,145,150,155,160,165,170,175,180,185,190,195,200,205,210,215,220,225,230,235,240,245,250,255,260,265,270,275,280,285,290,295,300,305,310,315,320,325,330,335,340,345,350,355,360,365,370,375,380,385,390,395,400,405,410,415,420,425,430,435,440,445,450,455,460,465,470,475,480,485,490,495,500],"measured_values":[1143470.0,2278362.0,3281044.0,4463417.0,5456651.0,6529837.0,7603434.0,8759617.0,9754946.0,10832239.0,11873694.0,13057551.0,14317620.0,15218780.0,16226993.0,17332049.0,24028022.0,22316034.0,25380156.0,24740253.0,29203159.0,30486994.0,25207058.0,26242002.0,27273027.0,28475047.0,29239017.0,30395210.0,31524743.0,32512116.0,33997143.0,35012919.0,35898530.0,36986384.0,38353106.0,46281086.0,48657263.0,44388836.0,45048567.0,45802828.0,46752139.0,46087297.0,47084509.0,50363419.0,49632282.0,50359843.0,53513204.0,53476646.0,65210835.0,55578182.0,55762411.0,57129485.0,58329662.0,58669056.0,59983379.0,60651917.0,61764097.0,63434045.0,64098845.0,77492914.0,67308024.0,68129402.0,68500005.0,69724257.0,70929383.0,73913044.0,73312033.0,73686012.0,78527917.0,75937504.0,76867598.0,78686920.0,79859364.0,80948049.0,81904664.0,82684182.0,86111293.0,85049439.0,86047062.0,87365973.0,87857135.0,90124606.0,91342126.0,91809373.0,92320021.0,96671587.0,94948067.0,96301594.0,97394889.0,98788522.0,98458547.0,99899379.0,100749873.0,102517717.0,104498844.0,105379565.0,116772007.0,113411432.0,107177446.0,108321948.0],"unit":"ns","throughput":[],"typical":{"estimate":221471.7723327915,"lower_bound":219797.53480715907,"upper_bound":223517.03858192207,"unit":"ns"},"mean":{"estimate":224446.3801815853,"lower_bound":221797.3819149704,"upper_bound":227471.90378579727,"unit":"ns"},"median":{"estimate":218811.76091609587,"lower_bound":218343.1754454023,"upper_bound":219248.50608294932,"unit":"ns"},"median_abs_dev":{"estimate":2296.792036139396,"lower_bound":1736.4770158798394,"upper_bound":3318.13734167584,"unit":"ns"},"slope":{"estimate":221471.7723327915,