{"reason":"benchmark-complete","id":"day02.part1.realinput/part1.nosum","report_directory":"/home/ankit/code/aoc/2023/rust/target/criterion/reports/day02.part1.realinput/part1.nosum","iteration_count":[32,64,96,128,160,192,224,256,288,320,352,384,416,448,480,512,544,576,608,640,672,704,736,768,800,832,864,896,928,960,992,1024,1056,1088,1120,1152,1184,1216,1248,1280,1312,1344,1376,1408,1440,1472,1504,1536,1568,1600,1632,1664,1696,1728,1760,1792,1824,1856,1888,1920,1952,1984,2016,2048,2080,2112,2144,2176,2208,2240,2272,2304,2336,2368,2400,2432,2464,2496,2528,2560,2592,2624,2656,2688,2720,2752,2784,2816,2848,2880,2912,2944,2976,3008,3040,3072,3104,3136,3168,3200],"measured_values":[1267374.0,2429689.0,3072328.0,4098834.0,5212326.0,6165855.0,7022239.0,8009823.0,9043082.0,10063317.0,11015985.0,12005992.0,12997743.0,13991448.0,14950778.0,15958269.0,17004483.0,17985554.0,19127279.0,20123399.0,21049646.0,22016940.0,23072922.0,24088269.0,25375731.0,26555819.0,27292036.0,28920264.0,29052805.0,30204570.0,31084589.0,32255009.0,33043214.0,34282264.0,35214242.0,36954071.0,37797161.0,37957445.0,38939138.0,40383706.0,41743045.0,42755727.0,43771913.0,44737295.0,45052782.0,45990221.0,48245709.0,49110770.0,50062965.0,50409243.0,51653613.0,53305826.0,52899095.0,53873203.0,54972017.0,55748770.0,56844839.0,57988719.0,59944558.0,60879302.0,69110274.0,64680762.0,63434098.0,64249534.0,64143121.0,65539992.0,65176272.0,66286988.0,69280587.0,71161163.0,72095847.0,72680235.0,73045527.0,74422329.0,75252603.0,77123944.0,77635524.0,79715649.0,80559330.0,81327576.0,81731743.0,81400024.0,81233508.0,81399132.0,82370955.0,83277335.0,84751731.0,85610561.0,86320176.0,87315615.0,88249665.0,89382965.0,90505914.0,92548189.0,92055985.0,93030744.0,94887605.0,95370452.0,97989359.0,99875377.0],"unit":"ns","throughput":[],"typical":{"estimate":31077.29067505911,"lower_bound":30906.01472503598,"upper_bound":31278.021756645016,"unit":"ns"},"mean":{"estimate":31504.429669389687,"lower_bound":31284.857177043446,"upper_bound":31778.737244235184,"unit":"ns"},"median":{"estimate":31352.26625,"lower_bound":31274.0625,"upper_bound":31459.340460526317,"unit":"ns"},"median_abs_dev":{"estimate":482.5779209885187,"lower_bound":263.67013808512365,"upper_bound":671.2445102288397,"unit":"ns"},"slope":{"estimate":31077.29067505911,"lower_bound":30906.01472503598,"upper_bound":31278.021756645016,"unit":"ns"},"change":{"mean":{"estimate":-0.002416087791049404,"lower_bound":-0.01680604844285733,"upper_bound":0.011593012430757168,"unit":"%"},"median":{"estimate":0.0031621530016456845,"lower_bound":-0.0016975930542126325,"upper_bound":0.008659551430404918,"unit":"%"},"change":"NoChange"}}
{"reason":"group-complete","group_name":"day02.part1.realinput","benchmarks":["day02.part1.realinput/part1_parsing","day02.part1.realinput/part1","day02.part1.realinput/part1.nosum"],"report_directory":"/home/ankit/code/aoc/2023/rust/target/criterion/reports/day02.part1.realinput"}
{"reason":"benchmark-complete","id":"day02.part1.realinput/part1_parsing","report_directory":"/home/ankit/code/aoc/2023/rust/target/criterion/reports/day02.part1.realinput/part1_parsing","iteration_count":[138,276,414,552,690,828,966,1104,1242,1380,1518,1656,1794,1932,2070,2208,2346,2484,2622,2760,2898,3036,3174,3312,3450,3588,3726,3864,4002,4140,4278,4416,4554,4692,4830,4968,5106,5244,5382,5520,5658,5796,5934,6072,6210,6348,6486,6624,6762,6900,7038,7176,7314,7452,7590,7728,7866,8004,8142,8280,8418,8556,8694,8832,8970,9108,9246,9384,9522,9660,9798,9936,10074,10212,10350,10488,10626,10764,10902,11040,11178,11316,11454,11592,11730,11868,12006,12144,12282,12420,12558,12696,12834,12972,13110,13248,13386,13524,13662,13800],"measured_values":[1020866.0,2030632.0,3019277.0,4027239.0,5032425.0,6034356.0,7042558.0,8014972.0,8939936.0,9911960.0,10889294.0,11828094.0,12802693.0,13702420.0,14611093.0,15604939.0,16520886.0,17382620.0,18378839.0,19229173.0,20432465.0,21288910.0,22504555.0,23249628.0,24180845.0,25095951.0,26139439.0,26790234.0,27763260.0,28741726.0,30074353.0,31189428.0,31994134.0,32822014.0,33882487.0,34861874.0,35625011.0,38563765.0,37664279.0,38565529.0,39532032.0,40386542.0,41454918.0,42960264.0,43893004.0,44847824.0,46013867.0,46872123.0,48892596.0,48585193.0,60359956.0,60553083.0,51032865.0,52227311.0,52838089.0,53814041.0,68266834.0,71869296.0,61324977.0,59284216.0,60268994.0,60663403.0,61563049.0,62675268.0,66660126.0,66480947.0,66946478.0,66989751.0,66782047.0,67521220.0,68023263.0,69868431.0,71164400.0,72312328.0,73418485.0,74403874.0,76051399.0,84620052.0,77194767.0,79189692.0,79879580.0,80699995.0,81305124.0,82065025.0,83779598.0,84153716.0,85835216.0,86286301.0,87291558.0,89920705.0,89529904.0,94549895.0,92716609.0,92912540.0,93649068.0,94269614.0,94768501.0,96610404.0,97393570.0,99988811.0],"unit":"ns","throughput":[],"typical":{"estimate":7196.165444559381,"lower_bound":7137.65423846344,"upper_bound":7267.748148749158,"unit":"ns"},"mean":{"estimate":7181.066793585394,"lower_bound":7121.536967639469,"upper_bound":7252.665680929767,"unit":"ns"},"median":{"estimate":7092.9616632160105,"lower_bound":7076.105525362319,"upper_bound":7130.143894316085,"unit":"ns"},"median_abs_dev":{"estimate":116.73115676188509,"lower_bound":90.04464673990044,"upper_bound":157.25797005863768,"unit":"ns"},"slope":{"estimate":7196.165444559381,"lower_bound":7137.65423846344,"upper_bound":7267.748148749158,"unit":"ns"},"change":{"mean":{"estimate":-0.027588341727868282,"lower_bound":-0.04139017304744753,"upper_bound":-0.01409943432127875,"unit":"%"},"median":{"estimate":-0.02545125241354329,"lower_bound":-0.028724823005473188,"upper_bound":-0.019373469385854603,"unit":"%"},"change":"Improved"}}
{"reason":"group-complete","group_name":"day02.part1.realinput","benchmarks":["day02.part1.realinput/part1","day02.part1.realinput/part1.nosum","day02.part1.realinput/part1_parsing"],"report_directory":"/home/ankit/code/aoc/2023/rust/target/criterion/reports/day02.part1.realinput"}
{"reason":"benchmark-complete","id":"day02.part2.realinput/part2.nosum","report_directory":"/home/ankit/code/aoc/2023/rust/target/criterion/reports/day02.part2.realinput/part2.nosum","iteration_count":[21,42,63,84,105,126,147,168,189,210,231,252,273,294,315,336,357,378,399,420,441,462,483,504,525,546,567,588,609,630,651,672,693,714,735,756,777,798,819,840,861,882,903,924,945,966,987,1008,1029,1050,1071,1092,1113,1134,1155,1176,1197,1218,1239,1260,1281,1302,1323,1344,1365,1386,1407,1428,1449,1470,1491,1512,1533,1554,1575,1596,1617,1638,1659,1680,1701,1722,1743,1764,1785,1806,1827,1848,1869,1890,1911,1932,1953,1974,1995,2016,2037,2058,2079,2100],"measured_values":[994767.0,1978152.0,2984030.0,3954311.0,4962512.0,5938564.0,6932789.0,7921595.0,8924878.0,9942308.0,10930462.0,11923536.0,12852338.0,13867243.0,14831601.0,15857808.0,16877703.0,17794721.0,19025206.0,20063014.0,20848454.0,21740937.0,22669378.0,23622916.0,24545757.0,28709043.0,26360478.0,27504178.0,28443570.0,29303942.0,30506844.0,31949981.0,32693070.0,33751508.0,34668527.0,35202690.0,36382398.0,37098836.0,38321737.0,38809832.0,39875954.0,41162644.0,41740741.0,42761126.0,43672465.0,44612979.0,45800791.0,46470512.0,47597640.0,48362361.0,49437850.0,50444841.0,51405152.0,52480661.0,53226236.0,54304151.0,55511130.0,56201228.0,57074596.0,58576384.0,59257285.0,60281779.0,61306352.0,62771880.0,63486287.0,64442260.0,65190167.0,66162473.0,67533523.0,68890376.0,69958012.0,70851145.0,72056652.0,73288549.0,75207969.0,75328208.0,75800733.0,77158108.0,79022985.0,79338182.0,80475801.0,81422196.0,82046721.0,83926766.0,84363405.0,85485843.0,87360180.0,87755839.0,88644105.0,89121801.0,89949520.0,92119737.0,92438260.0,92675902.0,93810283.0,95076114.0,98737157.0,104598805.0,96427127.0,96320623.0],"unit":"ns","throughput":[],"typical":{"estimate":47062.74879773692,"lower_bound":46829.716292787,"upper_bound":47342.49830831402,"unit":"ns"},"mean":{"estimate":46978.20590608797,"lower_bound":46826.48510069772,"upper_bound":47159.59957062968,"unit":"ns"},