{"reason":"benchmark-complete","id":"day11.parse.nosum.realinput/parse","report_directory":"/home/ankit/homeserver/volumes/devhome/code/aoc/2023/rust/target/criterion/reports/day11.parse.nosum.realinput/parse","iteration_count":[21,42,63,84,105,126,147,168,189,210,231,252,273,294,315,336,357,378,399,420,441,462,483,504,525,546,567,588,609,630,651,672,693,714,735,756,777,798,819,840,861,882,903,924,945,966,987,1008,1029,1050,1071,1092,1113,1134,1155,1176,1197,1218,1239,1260,1281,1302,1323,1344,1365,1386,1407,1428,1449,1470,1491,1512,1533,1554,1575,1596,1617,1638,1659,1680,1701,1722,1743,1764,1785,1806,1827,1848,1869,1890,1911,1932,1953,1974,1995,2016,2037,2058,2079,2100],"measured_values":[987894.0,1967031.0,3100240.0,3948149.0,4941683.0,5910311.0,6887134.0,7882191.0,8865327.0,9889369.0,10804715.0,11802237.0,12776335.0,14233890.0,14868183.0,16583356.0,17094174.0,17758466.0,18812394.0,19872525.0,22409547.0,22758710.0,22614767.0,23568286.0,24643425.0,25592194.0,27509871.0,28207335.0,28581384.0,29880478.0,30750639.0,31545046.0,32579088.0,33473965.0,34731471.0,38198628.0,36729579.0,37340089.0,39268135.0,42426867.0,40219239.0,41170263.0,42229673.0,43150690.0,44152551.0,45374479.0,46175728.0,47271407.0,48334964.0,51002984.0,53631932.0,54166956.0,53769072.0,56820540.0,53898527.0,55046775.0,58016188.0,57358279.0,58094917.0,59928295.0,73698214.0,61502200.0,62398200.0,62731572.0,64045464.0,64760831.0,65569666.0,66565083.0,67739151.0,72941308.0,83944780.0,78815682.0,73024877.0,73351836.0,77134693.0,76292084.0,75511174.0,76541617.0,80128832.0,82404960.0,79395891.0,80712819.0,81761790.0,83218232.0,84333888.0,84940749.0,86403353.0,86794587.0,87923657.0,88678931.0,89995107.0,94813236.0,91634706.0,92464882.0,93568555.0,94594001.0,95558590.0,96936754.0,97267011.0,98440607.0],"unit":"ns","throughput":[],"typical":{"estimate":47654.56385104182,"lower_bound":47283.81023748193,"upper_bound":48123.797468182245,"unit":"ns"},"mean":{"estimate":47688.03556480569,"lower_bound":47378.519780027105,"upper_bound":48049.48826751158,"unit":"ns"},"median":{"estimate":47006.7224025974,"lower_bound":46920.06931216931,"upper_bound":47148.857142857145,"unit":"ns"},"median_abs_dev":{"estimate":343.2624733780136,"lower_bound":236.09533193525897,"upper_bound":532.8576563783967,"unit":"ns"},"slope":{"estimate":47654.56385104182,"lower_bound":47283.81023748193,"upper_bound":48123.797468182245,"unit":"ns"},"change":{"mean":{"estimate":-0.059046652698397595,"lower_bound":-0.07650507375305338,"upper_bound":-0.042886972469332235,"unit":"%"},"median":{"estimate":-0.04422016314665411,"lower_bound":-0.04871457394230189,"upper_bound":-0.04044433680823589,"unit":"%"},"change":"Improved"}}
{"reason":"group-complete","group_name":"day11.parse.nosum.realinput","benchmarks":["day11.parse.nosum.realinput/parse"],"report_directory":"/home/ankit/homeserver/volumes/devhome/code/aoc/2023/rust/target/criterion/reports/day11.parse.nosum.realinput"}
{"reason":"benchmark-complete","id":"day11.part1.realinput/part1","report_directory":"/home/ankit/homeserver/volumes/devhome/code/aoc/2023/rust/target/criterion/reports/day11.part1.realinput/part1","iteration_count":[1,1,1,1,1,1,1,1,1,1],"measured_values":[4151410902.0,3859716795.0,3782443780.0,3904084443.0,3781842279.0,3873209448.0,3922865688.0,3804948287.0,3942667610.0,3793575616.0],"unit":"ns","throughput":[],"typical":{"estimate":3881676484.8,"lower_bound":3824357631.0575004,"upper_bound":3953693347.0924997,"unit":"ns"},"mean":{"estimate":3881676484.8,"lower_bound":3824357631.0575004,"upper_bound":3953693347.0924997,"unit":"ns"},"median":{"estimate":3866463121.5,"lower_bound":3793575616.0,"upper_bound":3923376026.5,"unit":"ns"},"median_abs_dev":{"estimate":99632452.87317038,"lower_bound":10002103.491327167,"upper_bound":163127317.1659112,"unit":"ns"},"slope":null,"change":{"mean":{"estimate":0.0059869060923971595,"lower_bound":-0.015647429777575023,"upper_bound":0.027898228057656616,"unit":"%"},"median":{"estimate":0.01514340632835709,"lower_bound":-0.0296212684434346,"upper_bound":0.03030618891800474,"unit":"%"},"change":"NoChange"}}
{"reason":"group-complete","group_name":"day11.part1.realinput","benchmarks":["day11.part1.realinput/part1"],"report_directory":"/home/ankit/homeserver/volumes/devhome/code/aoc/2023/rust/target/criterion/reports/day11.part1.realinput"}
{"reason":"benchmark-complete","id":"day11.part2.realinput/part2","report_directory":"/home/ankit/homeserver/volumes/devhome/code/aoc/2023/rust/target/criterion/reports/day11.part2.realinput/part2","iteration_count":[1,1,1,1,1,1,1,1,1,1],"measured_values":[3904653493.0,3930243042.0,3934589597.0,3915172977.0,3782159190.0,3801789085.0,3847568701.0,3806454514.0,3789946482.0,4000347981.0],"unit":"ns","throughput":[],"typical":{"estimate":3871292506.2,"lower_bound":3828032260.17,"upper_bound":3916265077.1,"unit":"ns"},"mean":{"estimate":3871292506.2,"lower_bound":3828032260.17,"upper_bound":3916265077.1,"unit":"ns"},"median":{"estimate":3876111097.0,"lower_bound":3801789085.0,"upper_bound":3930243042.0,"unit":"ns"},"median_abs_dev":{"estimate":94986535.3415519,"lower_bound":11545438.914227486,"upper_bound":128922964.07985985,"unit":"ns"},"slope":null,"change":{"mean":{"estimate":0.005009933672096567,"lower_bound":-0.011187829126016121,"upper_bound":0.02250370515813849,"unit":"%"},"median":{"estimate":0.005392168160533339,"lower_bound":-0.024000522150191328,"upper_bound":0.03521906082185611,"unit":"%"},"change":"NoChange"}}
{"reason":"group-complete","group_name":"day11.part2.realinput","benchmarks":["day11.part2.realinput/part2"],"report_directory":"/home/ankit/homeserver/volumes/devhome/code/aoc/2023/rust/target/criterion/reports/day11.part2.realinput"}
