{"reason":"benchmark-complete","id":"day11.parse.nosum.realinput/parse","report_directory":"/home/ankit/homeserver/volumes/devhome/code/aoc/2023/rust/target/criterion/reports/day11.parse.nosum.realinput/parse","iteration_count":[20,40,60,80,100,120,140,160,180,200,220,240,260,280,300,320,340,360,380,400,420,440,460,480,500,520,540,560,580,600,620,640,660,680,700,720,740,760,780,800,820,840,860,880,900,920,940,960,980,1000,1020,1040,1060,1080,1100,1120,1140,1160,1180,1200,1220,1240,1260,1280,1300,1320,1340,1360,1380,1400,1420,1440,1460,1480,1500,1520,1540,1560,1580,1600,1620,1640,1660,1680,1700,1720,1740,1760,1780,1800,1820,1840,1860,1880,1900,1920,1940,1960,1980,2000],"measured_values":[972986.0,1955419.0,2920921.0,3897303.0,5821893.0,6422262.0,9260346.0,11477892.0,11873602.0,10305378.0,13395168.0,17302130.0,14022989.0,14123049.0,14703450.0,15639976.0,16686131.0,17864225.0,18628014.0,19524796.0,20494144.0,21481077.0,22276966.0,23377193.0,25641889.0,25231310.0,26871632.0,27318439.0,29053841.0,31020080.0,30249889.0,31400331.0,32344752.0,33624681.0,34135430.0,35454181.0,36775608.0,38815947.0,38574049.0,39323851.0,41041559.0,43872529.0,42800736.0,44456668.0,43952412.0,45000068.0,46158135.0,47114499.0,47903937.0,49183243.0,49775416.0,50914537.0,51589447.0,52878442.0,53676265.0,54802422.0,55645841.0,57708264.0,57603095.0,58618029.0,60951616.0,63754532.0,62130482.0,63075184.0,63933783.0,64990557.0,65559066.0,66247702.0,67470952.0,69470164.0,74463025.0,72726421.0,71639930.0,72858311.0,73460183.0,75136903.0,75081527.0,76534905.0,77840030.0,79351678.0,87189425.0,88621321.0,82050378.0,91491856.0,83071905.0,84923507.0,85074363.0,86544451.0,86852316.0,88403507.0,92530546.0,92562116.0,97970696.0,92440085.0,93985837.0,102596290.0,98949322.0,94555848.0,96062566.0,98578078.0],"unit":"ns","throughput":[],"typical":{"estimate":49899.107903206736,"lower_bound":49482.48394440602,"upper_bound":50354.01574985976,"unit":"ns"},"mean":{"estimate":50680.55254977515,"lower_bound":49921.79642748899,"upper_bound":51582.41395133478,"unit":"ns"},"median":{"estimate":49181.53803846154,"lower_bound":49061.92686298077,"upper_bound":49427.93855421687,"unit":"ns"},"median_abs_dev":{"estimate":577.8407996618581,"lower_bound":404.22755506311603,"upper_bound":892.1313327649025,"unit":"ns"},"slope":{"estimate":49899.107903206736,"lower_bound":49482.48394440602,"upper_bound":50354.01574985976,"unit":"ns"},"change":{"mean":{"estimate":0.047062064676503645,"lower_bound":0.02205159020874614,"upper_bound":0.0703130217189807,"unit":"%"},"median":{"estimate":0.03708969780948301,"lower_bound":0.03266312371032254,"upper_bound":0.041421651344604626,"unit":"%"},"change":"Regressed"}}
{"reason":"group-complete","group_name":"day11.parse.nosum.realinput","benchmarks":["day11.parse.nosum.realinput/parse"],"report_directory":"/home/ankit/homeserver/volumes/devhome/code/aoc/2023/rust/target/criterion/reports/day11.parse.nosum.realinput"}
{"reason":"benchmark-complete","id":"day11.part1.realinput/part1","report_directory":"/home/ankit/homeserver/volumes/devhome/code/aoc/2023/rust/target/criterion/reports/day11.part1.realinput/part1","iteration_count":[1,1,1,1,1,1,1,1,1,1],"measured_values":[3805837920.0,3921096128.0,3806088045.0,3766098640.0,3917915704.0,4025740602.0,3957297506.0,3790884506.0,3783314266.0,3811482236.0],"unit":"ns","throughput":[],"typical":{"estimate":3858575555.3,"lower_bound":3809148001.04,"upper_bound":3914041123.6525,"unit":"ns"},"mean":{"estimate":3858575555.3,"lower_bound":3809148001.04,"upper_bound":3914041123.6525,"unit":"ns"},"median":{"estimate":3808785140.5,"lower_bound":3790884506.0,"upper_bound":3937606605.0,"unit":"ns"},"median_abs_dev":{"estimate":50525061.190500855,"lower_bound":4184131.376516819,"upper_bound":157503542.66735315,"unit":"ns"},"slope":null,"change":null}
{"reason":"group-complete","group_name":"day11.part1.realinput","benchmarks":["day11.part1.realinput/part1"],"report_directory":"/home/ankit/homeserver/volumes/devhome/code/aoc/2023/rust/target/criterion/reports/day11.part1.realinput"}
{"reason":"benchmark-complete","id":"day11.part2.realinput/part2","report_directory":"/home/ankit/homeserver/volumes/devhome/code/aoc/2023/rust/target/criterion/reports/day11.part2.realinput/part2","iteration_count":[1,1,1,1,1,1,1,1,1,1],"measured_values":[3758494266.0,3968741152.0,3869482834.0,3858949124.0,3941166758.0,3851695975.0,3775139850.0,3765608502.0,3793206630.0,3937457613.0],"unit":"ns","throughput":[],"typical":{"estimate":3851994270.4,"lower_bound":3807238139.7075,"upper_bound":3898449187.8875,"unit":"ns"},"mean":{"estimate":3851994270.4,"lower_bound":3807238139.7075,"upper_bound":3898449187.8875,"unit":"ns"},"median":{"estimate":3855322549.5,"lower_bound":3775139850.0,"upper_bound":3937457613.0,"unit":"ns"},"median_abs_dev":{"estimate":120326155.57568371,"lower_bound":12339371.20013237,"upper_bound":130141332.86232948,"unit":"ns"},"slope":null,"change":null}
{"reason":"group-complete","group_name":"day11.part2.realinput","benchmarks":["day11.part2.realinput/part2"],"report_directory":"/home/ankit/homeserver/volumes/devhome/code/aoc/2023/rust/target/criterion/reports/day11.part2.realinput"}
