{"reason":"benchmark-complete","id":"day11.parse.nosum.realinput/parse","report_directory":"/home/ankit/homeserver/volumes/devhome/code/aoc/2023/rust/target/criterion/reports/day11.parse.nosum.realinput/parse","iteration_count":[22,44,66,88,110,132,154,176,198,220,242,264,286,308,330,352,374,396,418,440,462,484,506,528,550,572,594,616,638,660,682,704,726,748,770,792,814,836,858,880,902,924,946,968,990,1012,1034,1056,1078,1100,1122,1144,1166,1188,1210,1232,1254,1276,1298,1320,1342,1364,1386,1408,1430,1452,1474,1496,1518,1540,1562,1584,1606,1628,1650,1672,1694,1716,1738,1760,1782,1804,1826,1848,1870,1892,1914,1936,1958,1980,2002,2024,2046,2068,2090,2112,2134,2156,2178,2200],"measured_values":[1085880.0,1992890.0,2986565.0,3984989.0,5013219.0,6214477.0,7069218.0,8036483.0,9011943.0,10343399.0,11019942.0,12042752.0,13085279.0,13931604.0,14896655.0,15911620.0,16918831.0,17884101.0,19103554.0,20163475.0,21264433.0,22045094.0,23015886.0,23979533.0,25031367.0,26051002.0,26907376.0,27916200.0,29016607.0,29902086.0,36251039.0,45114340.0,36287849.0,34464961.0,34956975.0,35873933.0,36936999.0,37846985.0,38887629.0,39810419.0,40621077.0,41842824.0,43104798.0,44002281.0,44921594.0,45903276.0,46751846.0,48284252.0,48940117.0,49973988.0,50985135.0,51847732.0,53222099.0,54295133.0,55252610.0,56319894.0,56983323.0,58360155.0,64724865.0,65459048.0,61169963.0,61964971.0,65945020.0,64465305.0,87261562.0,67431289.0,68143039.0,68146666.0,68587163.0,69729939.0,71128652.0,71836124.0,72855007.0,74317612.0,74836915.0,78129130.0,77248661.0,78121957.0,79730529.0,80850843.0,81818397.0,81694583.0,82662841.0,83583396.0,89868326.0,86947025.0,87204234.0,107488116.0,89298736.0,91109311.0,91585635.0,91698578.0,92655713.0,93594163.0,94882277.0,96215315.0,97296205.0,97713908.0,99417901.0,99539180.0],"unit":"ns","throughput":[],"typical":{"estimate":46234.72625549122,"lower_bound":45722.43055815469,"upper_bound":46923.14169089665,"unit":"ns"},"mean":{"estimate":46282.30120800809,"lower_bound":45797.455821575175,"upper_bound":46893.36730780821,"unit":"ns"},"median":{"estimate":45536.92975206611,"lower_bound":45430.89818181818,"upper_bound":45593.34817244611,"unit":"ns"},"median_abs_dev":{"estimate":332.9638599564726,"lower_bound":232.90616317791628,"upper_bound":420.68721338038205,"unit":"ns"},"slope":{"estimate":46234.72625549122,"lower_bound":45722.43055815469,"upper_bound":46923.14169089665,"unit":"ns"},"change":{"mean":{"estimate":-0.029477715744597455,"lower_bound":-0.04241168156518309,"upper_bound":-0.01524533827710778,"unit":"%"},"median":{"estimate":-0.031267711837957735,"lower_bound":-0.0348555365720945,"upper_bound":-0.029193813911180033,"unit":"%"},"change":"Improved"}}
{"reason":"group-complete","group_name":"day11.parse.nosum.realinput","benchmarks":["day11.parse.nosum.realinput/parse"],"report_directory":"/home/ankit/homeserver/volumes/devhome/code/aoc/2023/rust/target/criterion/reports/day11.parse.nosum.realinput"}
{"reason":"benchmark-complete","id":"day11.part1.realinput/part1","report_directory":"/home/ankit/homeserver/volumes/devhome/code/aoc/2023/rust/target/criterion/reports/day11.part1.realinput/part1","iteration_count":[3,6,9,12,15,18,21,24,27,30],"measured_values":[111215517.0,210336763.0,328851926.0,422906923.0,526495424.0,647045826.0,794909934.0,902466051.0,964882588.0,1116103585.0],"unit":"ns","throughput":[],"typical":{"estimate":36670044.74199134,"lower_bound":35789971.0654648,"upper_bound":37288305.32231405,"unit":"ns"},"mean":{"estimate":36335144.90120371,"lower_bound":35720119.86259259,"upper_bound":36960612.22032408,"unit":"ns"},"median":{"estimate":36243046.61111111,"lower_bound":35242243.583333336,"upper_bound":37337295.5625,"unit":"ns"},"median_abs_dev":{"estimate":1453844.3912141025,"lower_bound":170264.88208219703,"upper_bound":1749844.9508715402,"unit":"ns"},"slope":{"estimate":36670044.74199134,"lower_bound":35789971.0654648,"upper_bound":37288305.32231405,"unit":"ns"},"change":{"mean":{"estimate":-0.9906393165315331,"lower_bound":-0.9908716267397766,"upper_bound":-0.9904182890352655,"unit":"%"},"median":{"estimate":-0.9906263048496243,"lower_bound":-0.9909186601574252,"upper_bound":-0.9902401208457221,"unit":"%"},"change":"Improved"}}
{"reason":"group-complete","group_name":"day11.part1.realinput","benchmarks":["day11.part1.realinput/part1"],"report_directory":"/home/ankit/homeserver/volumes/devhome/code/aoc/2023/rust/target/criterion/reports/day11.part1.realinput"}
{"reason":"benchmark-complete","id":"day11.part2.realinput/part2","report_directory":"/home/ankit/homeserver/volumes/devhome/code/aoc/2023/rust/target/criterion/reports/day11.part2.realinput/part2","iteration_count":[3,6,9,12,15,18,21,24,27,30],"measured_values":[106706164.0,234874365.0,328653399.0,439411188.0,544824458.0,655017145.0,757695009.0,860456911.0,965302335.0,1069348513.0],"unit":"ns","throughput":[],"typical":{"estimate":35967975.32380953,"lower_bound":35796225.15463114,"upper_bound":36330047.68115942,"unit":"ns"},"mean":{"estimate":36389053.88615079,"lower_bound":35911324.82253969,"upper_bound":37081744.89059524,"unit":"ns"},"median":{"estimate":36201172.623809524,"lower_bound":35748660.8625,"upper_bound":36517044.333333336,"unit":"ns"},"median_abs_dev":{"estimate":567263.2901165653,"lower_bound":135818.759688735,"upper_bound":994345.0662643566,"unit":"ns"},"slope":{"estimate":35967975.32380953,"lower_bound":35796225.15463114,"upper_bound":36330047.68115942,"unit":"ns"},"change":{"mean":{"estimate":-0.9906002830248883,"lower_bound":-0.990777317272988,"upper_bound":-0.9904051202645832,"unit":"%"},"median":{"estimate":-0.9906604398795926,"lower_bound":-0.9908615507641653,"upper_bound":-0.9904322152545408,"unit":"%"},"change":"Improved"}}
{"reason":"group-complete","group_name":"day11.part2.realinput","benchmarks":["day11.part2.realinput/part2"],"report_directory":"/home/ankit/homeserver/volumes/devhome/code/aoc/2023/rust/target/criterion/reports/day11.part2.realinput"}
