{"reason":"benchmark-complete","id":"day15.parse.nosum.realinput/parse","report_directory":"/home/ankit/homeserver/volumes/devhome/code/aoc/2023/rust/target/criterion/reports/day15.parse.nosum.realinput/parse","iteration_count":[32,64,96,128,160,192,224,256,288,320,352,384,416,448,480,512,544,576,608,640,672,704,736,768,800,832,864,896,928,960,992,1024,1056,1088,1120,1152,1184,1216,1248,1280,1312,1344,1376,1408,1440,1472,1504,1536,1568,1600,1632,1664,1696,1728,1760,1792,1824,1856,1888,1920,1952,1984,2016,2048,2080,2112,2144,2176,2208,2240,2272,2304,2336,2368,2400,2432,2464,2496,2528,2560,2592,2624,2656,2688,2720,2752,2784,2816,2848,2880,2912,2944,2976,3008,3040,3072,3104,3136,3168,3200],"measured_values":[1016688.0,1983361.0,2968139.0,3940543.0,4882199.0,5872877.0,6889655.0,7863182.0,8851936.0,9816316.0,11053731.0,14605076.0,12902609.0,13706171.0,14552497.0,15534018.0,16515350.0,17611367.0,18704059.0,19880220.0,21405062.0,21556379.0,22254272.0,23484625.0,25046977.0,25691700.0,27183770.0,27934343.0,28856853.0,29450137.0,30373769.0,32779831.0,35060817.0,36234824.0,37085257.0,37333498.0,36837386.0,37052825.0,37886396.0,39198414.0,39802530.0,40964623.0,41928411.0,43172159.0,43822243.0,44443260.0,45608138.0,47495999.0,48187080.0,49125329.0,51630309.0,75551092.0,62044217.0,54925999.0,54807604.0,54136391.0,59951148.0,62050319.0,58322250.0,58215006.0,59559466.0,61017660.0,61377674.0,62745247.0,63528722.0,63751796.0,65161780.0,67710923.0,67752482.0,68540307.0,70550478.0,70394413.0,71761394.0,72079137.0,72545632.0,73443914.0,74811359.0,75959727.0,76337102.0,78271751.0,79291183.0,79731128.0,80684305.0,81650948.0,85586993.0,84053475.0,84917072.0,85320318.0,85915716.0,87457660.0,87509959.0,91153008.0,91716497.0,91646974.0,92710873.0,96602452.0,95067059.0,95800381.0,98023196.0,96329053.0],"unit":"ns","throughput":[],"typical":{"estimate":30850.921351965422,"lower_bound":30621.885796239327,"upper_bound":31182.13470586494,"unit":"ns"},"mean":{"estimate":31117.160368900077,"lower_bound":30809.838098037177,"upper_bound":31521.14893002942,"unit":"ns"},"median":{"estimate":30625.51754993557,"lower_bound":30573.471109693877,"upper_bound":30733.722505668935,"unit":"ns"},"median_abs_dev":{"estimate":394.314498856948,"lower_bound":280.5830378311555,"upper_bound":521.6812820680096,"unit":"ns"},"slope":{"estimate":30850.921351965422,"lower_bound":30621.885796239327,"upper_bound":31182.13470586494,"unit":"ns"},"change":{"mean":{"estimate":-0.8652628006103036,"lower_bound":-0.8670504627109086,"upper_bound":-0.8633300268737448,"unit":"%"},"median":{"estimate":-0.8658639645384751,"lower_bound":-0.8663323997518416,"upper_bound":-0.8652966218566577,"unit":"%"},"change":"Improved"}}
{"reason":"group-complete","group_name":"day15.parse.nosum.realinput","benchmarks":["day15.parse.nosum.realinput/parse"],"report_directory":"/home/ankit/homeserver/volumes/devhome/code/aoc/2023/rust/target/criterion/reports/day15.parse.nosum.realinput"}
{"reason":"benchmark-complete","id":"day15.part1.realinput/part1","report_directory":"/home/ankit/homeserver/volumes/devhome/code/aoc/2023/rust/target/criterion/reports/day15.part1.realinput/part1","iteration_count":[16,32,48,64,80,96,112,128,144,160,176,192,208,224,240,256,272,288,304,320,336,352,368,384,400,416,432,448,464,480,496,512,528,544,560,576,592,608,624,640,656,672,688,704,720,736,752,768,784,800,816,832,848,864,880,896,912,928,944,960,976,992,1008,1024,1040,1056,1072,1088,1104,1120,1136,1152,1168,1184,1200,1216,1232,1248,1264,1280,1296,1312,1328,1344,1360,1376,1392,1408,1424,1440,1456,1472,1488,1504,1520,1536,1552,1568,1584,1600],"measured_values":[1061283.0,2094503.0,3136287.0,4161762.0,5188308.0,6280941.0,7296507.0,8170774.0,9188865.0,10213427.0,11244503.0,12284224.0,13340538.0,14318614.0,15193422.0,16151909.0,17030205.0,18121475.0,19161718.0,20132208.0,21095584.0,22442058.0,23268225.0,24143836.0,25282033.0,27917571.0,28814352.0,29594240.0,29772039.0,30406020.0,31684946.0,32645788.0,33433852.0,34152265.0,35190463.0,36249380.0,37329930.0,38756837.0,39056966.0,40019321.0,40813897.0,41903924.0,43657750.0,44474249.0,45526614.0,46308517.0,47116079.0,48152263.0,49232802.0,50149190.0,51368593.0,56461069.0,53738166.0,57643402.0,55098606.0,56120002.0,56552273.0,57589911.0,58928259.0,60227212.0,60582135.0,61508431.0,62401024.0,64540812.0,65209571.0,65381315.0,66622930.0,67377282.0,68311082.0,69276142.0,70676096.0,77849179.0,83678033.0,73322355.0,73662150.0,75016116.0,75766480.0,76403718.0,77638399.0,78606175.0,79427332.0,80408092.0,81613277.0,83664958.0,95555246.0,88295278.0,85867244.0,87162431.0,88340584.0,88997751.0,90501403.0,91132118.0,91784695.0,92638365.0,93450775.0,94665078.0,96744131.0,96950492.0,98191306.0,99190560.0],"unit":"ns","throughput":[],"typical":{"estimate":62617.671514334266,"lower_bound":62175.47444278048,"upper_bound":63191.581283929474,"unit":"ns"},"mean":{"estimate":63212.66862730611,"lower_bound":62877.84297622629,"upper_bound":63583.905160741444,"unit":"ns"},"median":{"estimate":62782.187543767504,"lower_bound":62570.61842830882,"upper_bound":63028.13671875,"unit":"ns"},"median_abs_dev":{"estimate":1276.964941817971,"lower_bound":938.6213930879742,"upper_bound":1478.6970526081716,"unit":"ns"},"slope":{"estimate":62617.671514334266,"lower_bound":62175.47444278048,"upper_bound":63191.581283929474,"unit":"ns"},"change":{"mean":{"estimate":-0.7758214002240164,"lower_bound":-0.7771878358560174,"upper_bound":-0.7743824088535729,"unit":"%"},"median":{"estimate":-0.7765208136217026,"lower_bound":-0.7779041232639969,"upper_bound":-0.7752791851362882,"unit":"%"},"change":"Improved"}}
{"reason":"group-complete","group_name":"day15.part1.realinput","benchmarks":["day15.part1.realinput/part1"],"report_directory":"/home/ankit/homeserver/volumes/devhome/code/aoc/2023/rust/target/criterion/reports/day15.part1.realinput"}
