{"reason":"benchmark-complete","id":"day07.part1.realinput/part1","report_directory":"/home/ankit/code/aoc/2022/rust/target/criterion/reports/day07.part1.realinput/part1","iteration_count":[4,8,12,16,20,24,28,32,36,40,44,48,52,56,60,64,68,72,76,80,84,88,92,96,100,104,108,112,116,120,124,128,132,136,140,144,148,152,156,160,164,168,172,176,180,184,188,192,196,200,204,208,212,216,220,224,228,232,236,240,244,248,252,256,260,264,268,272,276,280,284,288,292,296,300,304,308,312,316,320,324,328,332,336,340,344,348,352,356,360,364,368,372,376,380,384,388,392,396,400],"measured_values":[1244520.0,2502837.0,3825604.0,5222925.0,6234853.0,7554325.0,8721659.0,9910723.0,11186172.0,12435251.0,13739003.0,14987180.0,16375022.0,17370319.0,18546260.0,19841395.0,21075897.0,22451484.0,23581297.0,24783247.0,25992870.0,27285502.0,28391339.0,29787856.0,31091760.0,32301212.0,33553858.0,34915962.0,36056323.0,37373742.0,38546375.0,39890896.0,41044472.0,42082251.0,43663890.0,45014310.0,46115218.0,47143678.0,48296225.0,49493444.0,50703960.0,52030606.0,53289402.0,54339263.0,55608120.0,56941358.0,58831262.0,59646888.0,61503880.0,62056758.0,63716816.0,70524245.0,68123412.0,72807094.0,68806498.0,69411766.0,70423875.0,72084694.0,73341357.0,74569156.0,75500742.0,77083083.0,77909389.0,86258972.0,84524163.0,82541583.0,83670905.0,85039260.0,85992407.0,87315005.0,88422185.0,89870441.0,91252692.0,96951779.0,103172075.0,98971720.0,95728179.0,113685291.0,99645477.0,99164676.0,100365031.0,102117285.0,103509384.0,104866197.0,106295438.0,110972718.0,109086110.0,109957231.0,111374338.0,112580928.0,113917200.0,114880949.0,116142791.0,117822788.0,120308070.0,120131124.0,121303066.0,124180203.0,125706697.0,126680874.0],"unit":"ns","throughput":[],"typical":{"estimate":315539.2754691887,"lower_bound":313499.75298468577,"upper_bound":318105.3142553979,"unit":"ns"},"mean":{"estimate":313997.43905289954,"lower_bound":312531.8339592483,"upper_bound":315706.07473411027,"unit":"ns"},"median":{"estimate":311695.1375,"lower_bound":310912.1223484849,"upper_bound":312204.8694029851,"unit":"ns"},"median_abs_dev":{"estimate":1978.6586456410105,"lower_bound":1536.2124730276178,"upper_bound":2768.9282138200174,"unit":"ns"},"slope":{"estimate":315539.2754691887,"lower_bound":313499.75298468577,"upper_bound":318105.3142553979,"unit":"ns"},"change":{"mean":{"estimate":-0.027218511279039292,"lower_bound":-0.03600652505963103,"upper_bound":-0.018648205702491597,"unit":"%"},"median":{"estimate":-0.02395735094150553,"lower_bound":-0.027358853090587165,"upper_bound":-0.02195034251564207,"unit":"%"},"change":"Improved"}}
{"reason":"group-complete","group_name":"day07.part1.realinput","benchmarks":["day07.part1.realinput/part1"],"report_directory":"/home/ankit/code/aoc/2022/rust/target/criterion/reports/day07.part1.realinput"}
{"reason":"benchmark-complete","id":"day07.part2.realinput/part2","report_directory":"/home/ankit/code/aoc/2022/rust/target/criterion/reports/day07.part2.realinput/part2","iteration_count":[4,8,12,16,20,24,28,32,36,40,44,48,52,56,60,64,68,72,76,80,84,88,92,96,100,104,108,112,116,120,124,128,132,136,140,144,148,152,156,160,164,168,172,176,180,184,188,192,196,200,204,208,212,216,220,224,228,232,236,240,244,248,252,256,260,264,268,272,276,280,284,288,292,296,300,304,308,312,316,320,324,328,332,336,340,344,348,352,356,360,364,368,372,376,380,384,388,392,396,400],"measured_values":[1238689.0,2483439.0,3730744.0,4942152.0,6248379.0,7774393.0,8676684.0,9884654.0,11105760.0,12398321.0,13655234.0,14862845.0,16142742.0,17311568.0,18539417.0,19835704.0,21111704.0,22373637.0,23754556.0,25059991.0,26442613.0,27595440.0,28750940.0,30063560.0,31432384.0,32618935.0,33768525.0,34954073.0,36430052.0,37579110.0,38874778.0,40004199.0,41110768.0,42150710.0,43292816.0,45276688.0,46209977.0,47582350.0,51410429.0,50505623.0,51527643.0,52410526.0,53750787.0,55199856.0,62599898.0,61395774.0,59393086.0,60912178.0,61536632.0,62747578.0,64026303.0,65639341.0,66776427.0,68232540.0,69465537.0,70946976.0,72019470.0,73074181.0,74844107.0,75398057.0,76724823.0,78198117.0,79553187.0,80615591.0,81621268.0,83132584.0,84222080.0,85218149.0,86207645.0,91076799.0,89861013.0,91505912.0,91874552.0,93702999.0,94405951.0,95604275.0,96792788.0,98028751.0,99390563.0,100724354.0,101685365.0,103019836.0,104368384.0,105580793.0,106949968.0,108994736.0,111095169.0,110327693.0,112621484.0,113093378.0,117195037.0,126448142.0,118137394.0,118436751.0,119485240.0,120847342.0,122006701.0,123163484.0,124840554.0,133391521.0],"unit":"ns","throughput":[],"typical":{"estimate":316813.3564467268,"lower_bound":315240.20674818614,"upper_bound":318797.63972076756,"unit":"ns"},"mean":{"estimate":315064.4181038725,"lower_bound":313971.7662616246,"upper_bound":316336.0379665062,"unit":"ns"},"median":{"estimate":314193.82993277046,"lower_bound":313832.92192307697,"upper_bound":314466.8713060828,"unit":"ns"},"median_abs_dev":{"estimate":2283.880863695459,"lower_bound":1380.2617500888596,"upper_bound":2853.2412060976844,"unit":"ns"},"slope":{"estimate":316813.3564467268,"lower_bound":315240.20674818614,"upper_bound":318797.63972076756,"unit":"ns"},"change":{"mean":{"estimate":-0.01894795443785746,"lower_bound":-0.029387820245639025,"upper_bound":-0.011102341566311414,"unit":"%"},"median":{"estimate":-0.013296116304380434,"lower_bound":-0.016101999902303765,"upper_bound":-0.011553017096240237,"unit":"%"},"change":"Improved"}}
{"reason":"group-complete","group_name":"day07.part2.realinput","benchmarks":["day07.part2.realinput/part2"],"report_directory":"/home/ankit/code/aoc/2022/rust/target/criterion/reports/day07.part2.realinput"}
