{"reason":"benchmark-complete","id":"day05.soln1.realinput/part1","report_directory":"/home/ankit/code/aoc/2022/rust/target/criterion/reports/day05.soln1.realinput/part1","iteration_count":[11,22,33,44,55,66,77,88,99,110,121,132,143,154,165,176,187,198,209,220,231,242,253,264,275,286,297,308,319,330,341,352,363,374,385,396,407,418,429,440,451,462,473,484,495,506,517,528,539,550,561,572,583,594,605,616,627,638,649,660,671,682,693,704,715,726,737,748,759,770,781,792,803,814,825,836,847,858,869,880,891,902,913,924,935,946,957,968,979,990,1001,1012,1023,1034,1045,1056,1067,1078,1089,1100],"measured_values":[1472323.0,2226593.0,3148112.0,4192803.0,5191497.0,6238333.0,7264680.0,8314311.0,9329486.0,10386712.0,17452965.0,18816812.0,13668396.0,14575086.0,15606592.0,16974236.0,17761480.0,18666807.0,19721868.0,20704162.0,21864141.0,22834843.0,24409089.0,25724124.0,27360056.0,30506012.0,39215794.0,32159741.0,32189847.0,31444543.0,32547536.0,36806755.0,39415723.0,40323265.0,40603225.0,39322968.0,38388184.0,39437895.0,42751841.0,47429754.0,44988513.0,43371246.0,50762154.0,49821521.0,47663718.0,48233649.0,50445173.0,49485904.0,55505051.0,59689649.0,54771520.0,54361492.0,55268983.0,56475141.0,58501415.0,57637767.0,58891905.0,59897794.0,61866337.0,62337271.0,63083406.0,64107198.0,65207174.0,66333961.0,66665881.0,68285212.0,69625645.0,76088083.0,71481616.0,72910676.0,73909510.0,74667629.0,78592934.0,89865375.0,78644593.0,78971492.0,80403849.0,81660633.0,104753424.0,106386903.0,84271875.0,86267081.0,97123603.0,98642212.0,92737524.0,91229794.0,92308479.0,91025847.0,92229930.0,97793774.0,94645834.0,94792542.0,95560287.0,97384207.0,97795928.0,99246779.0,111464625.0,113468605.0,105235960.0,105048874.0],"unit":"ns","throughput":[],"typical":{"estimate":98099.12427556189,"lower_bound":96576.77198823611,"upper_bound":99902.29559677496,"unit":"ns"},"mean":{"estimate":99405.51983903328,"lower_bound":97660.30286038376,"upper_bound":101424.71155831472,"unit":"ns"},"median":{"estimate":95307.19713438736,"lower_bound":94649.96103896105,"upper_bound":96437.41437632135,"unit":"ns"},"median_abs_dev":{"estimate":1870.0496924782185,"lower_bound":1030.817519475922,"upper_bound":3409.662310020875,"unit":"ns"},"slope":{"estimate":98099.12427556189,"lower_bound":96576.77198823611,"upper_bound":99902.29559677496,"unit":"ns"},"change":{"mean":{"estimate":0.13310218848651334,"lower_bound":0.11091111696615465,"upper_bound":0.15678416121418848,"unit":"%"},"median":{"estimate":0.09511825563550125,"lower_bound":0.08763051390139753,"upper_bound":0.10731627962884072,"unit":"%"},"change":"Regressed"}}
{"reason":"group-complete","group_name":"day05.soln1.realinput","benchmarks":["day05.soln1.realinput/part2_core.nosum","day05.soln1.realinput/part2","day05.soln1.realinput/part1_core.nosum","day05.soln1.realinput/part1"],"report_directory":"/home/ankit/code/aoc/2022/rust/target/criterion/reports/day05.soln1.realinput"}
{"reason":"benchmark-complete","id":"day05.soln1.realinput/part1_core.nosum","report_directory":"/home/ankit/code/aoc/2022/rust/target/criterion/reports/day05.soln1.realinput/part1_core.nosum","iteration_count":[58,116,174,232,290,348,406,464,522,580,638,696,754,812,870,928,986,1044,1102,1160,1218,1276,1334,1392,1450,1508,1566,1624,1682,1740,1798,1856,1914,1972,2030,2088,2146,2204,2262,2320,2378,2436,2494,2552,2610,2668,2726,2784,2842,2900,2958,3016,3074,3132,3190,3248,3306,3364,3422,3480,3538,3596,3654,3712,3770,3828,3886,3944,4002,4060,4118,4176,4234,4292,4350,4408,4466,4524,4582,4640,4698,4756,4814,4872,4930,4988,5046,5104,5162,5220,5278,5336,5394,5452,5510,5568,5626,5684,5742,5800],"measured_values":[968798.0,1951591.0,2932682.0,3906741.0,4940040.0,5856208.0,6820047.0,7790867.0,9462760.0,15107967.0,15431510.0,11884131.0,12900059.0,13865090.0,14690685.0,15715989.0,16724563.0,17587580.0,18590873.0,19523893.0,20630962.0,21628084.0,22626818.0,23527737.0,24511613.0,25557848.0,26396829.0,27463663.0,28707512.0,29442646.0,30301816.0,31660223.0,32590237.0,33942903.0,34855924.0,43682177.0,38791539.0,37752970.0,38731395.0,39736351.0,40721440.0,41877974.0,43450467.0,46727592.0,47727619.0,45503370.0,56056298.0,58161199.0,52851478.0,49227093.0,49668881.0,50767174.0,51574175.0,52427574.0,53363950.0,53978206.0,54875487.0,56290530.0,60705676.0,61695583.0,61485304.0,61189814.0,62417333.0,62399468.0,63225074.0,68029207.0,73476529.0,65942068.0,66767925.0,69492472.0,68021843.0,69019986.0,69234884.0,70143708.0,71029959.0,71816080.0,72763006.0,73666129.0,74781484.0,76142656.0,77195163.0,78208795.0,79812227.0,82136025.0,81934412.0,90688147.0,84176374.0,85755389.0,85598643.0,86136152.0,86453164.0,87340577.0,88788803.0,101860187.0,92070728.0,107133259.0,97589016.0,96714847.0,96034978.0,104844198.0],"unit":"ns","throughput":[],"typical":{"estimate":17060.64718119882,"lower_bound":16853.38463778084,"upper_bound":17297.350313199306,"unit":"ns"},"mean":{"estimate":17290.010719763417,"lower_bound":17038.865840956016,"upper_bound":17589.570712024964,"unit":"ns"},"median":{"estimate":16903.33530172414,"lower_bound":16832.617374005305,"upper_bound":16988.455944221765,"unit":"ns"},"median_abs_dev":{"estimate":325.42565020224265,"lower_bound":249.60815217852488,"upper_bound":462.0017054185185,"unit":"ns"},"slope":{"estimate":17060.64718119882,"lower_bound":16853.38463778084,"upper_bound":17297.350313199306,"unit":"ns"},"change":{"mean":{"estimate":0.028471173942095085,"lower_bound":0.009690446899664508,"upper_bound":0.04865071933071954,"unit":"%"},"median":{"estimate":0.022997411799538847,"lower_bound":0.01801901792155558,"upper_bound":0.03035096859048103,"unit":"%"},"change":"NoChange"}}
{"reason":"group-complete","group_name":"day05.soln1.realinput","benchmarks":["day05.soln1.realinput/part2_core.nosum","day05.soln1.realinput/part2","day05.soln1.realinput/part1","day05.soln1.realinput/part1_core.nosum"],"report_directory":"/home/ankit/code/aoc/2022/rust/target/criterion/reports/day05.soln1.realinput"}
{"reason":"benchmark-complete","id":"day05.soln1.realinput/part2","report_directory":"/home/ankit/code/aoc/2022/rust/target/criterion/reports/day05.soln1.realinput/part2","iteration_count":[11,22,33,44,55,66,77,88,99,110,121,132,143,154,165,176,187,198,209,220,231,242,253,264,275,286,297,308,319,330,341,352,363,374,385,396,407,418,429,440,451,462,473,484,495,506,517,528,539,550,561,572,583,594,605,616,627,638,649,660,671,682,693,704,715,726,737,748,759,770,781,792,803,814,825,836,847,858,869,880,891,902,913,924,935,946,957,968,979,990,1001,1012,1023,1034,1045,1056,1067,1078,1089,1100],"measured_values":[1039622.0,1965909.0,2957149.0,3940104.0,4930762.0,5917033.0,6895971.0,7871570.0,8842773.0,9807112.0,10874456.0,11813758.0,12917783.0,13891730.0,15188539.0,21523305.0,21775112.0,18239637.0,18957729.0,19906589.0,20792088.0,21831279.0,22940033.0,23707528.0,24806222.0,25698655.0,27087038.0,27855366.0,29411156.0,29721926.0,31069152.0,32262194.0,33484923.0,33508298.0,36583440.0,38202622.0,36539918.0,37228334.0,38334882.0,39369185.0,40211702.0,41698944.0,42349888.0,43437442.0,44884947.0,45432735.0,46300953.0,46882146.0,55307717.0,54465610.0,51246424.0,51633327.0,52610150.0,53495129.0,54250603.0,55284884.0,56079882.0,57198373.0,58005383.0,59035268.0,60431306.0,61013830.0,61911994.0,63021709.0,63717869.0,64540048.0,65479811.0,66995837.0,68287446.0,68893827.0,71273400.0,71297286.0,71344856.0,72621078.0,73476229.0,74768500.0,81422202.0,78854700.0,79525363.0,84147781.0,82452966.0,81122512.0,81650945.0,85355371.0,84794397.0,85337066.0,89828957.0,87529685.0,87263701.0,88745151.0,90329926.0,90690441.0,91424062.0,92649466.0,93064735.0,98562312.0,96062530.0,95877810.0,99381155.0,100296511.0],"unit":"ns","throughput":[],"typical":{"estimate":90653.33554361407,"lower_bound":90196.76130636802,"upper_bound":91170.20181674835,"unit":"ns"},"mean":{"estimate":91188.05390705759,"lower_bound":90413.92002776758,"upper_bound":92192.19021479311,"unit":"ns"},"median":{"estimate":89903.90163273533,"lower_bound":89652.01515151515,