{"reason":"benchmark-complete","id":"day01.part1.realinput/part1","report_directory":"/home/ankit/code/aoc/2022/rust/target/criterion/reports/day01.part1.realinput/part1","iteration_count":[28,56,84,112,140,168,196,224,252,280,308,336,364,392,420,448,476,504,532,560,588,616,644,672,700,728,756,784,812,840,868,896,924,952,980,1008,1036,1064,1092,1120,1148,1176,1204,1232,1260,1288,1316,1344,1372,1400,1428,1456,1484,1512,1540,1568,1596,1624,1652,1680,1708,1736,1764,1792,1820,1848,1876,1904,1932,1960,1988,2016,2044,2072,2100,2128,2156,2184,2212,2240,2268,2296,2324,2352,2380,2408,2436,2464,2492,2520,2548,2576,2604,2632,2660,2688,2716,2744,2772,2800],"measured_values":[1041315.0,2001937.0,3059053.0,4025004.0,4994794.0,6058672.0,7010737.0,8216905.0,8994610.0,10171333.0,11002198.0,12004288.0,12945524.0,13855531.0,15017003.0,15818633.0,16970127.0,17801384.0,18713765.0,19772964.0,20855306.0,21900369.0,28582703.0,30781433.0,27923213.0,26128137.0,27058623.0,28123613.0,28975288.0,29680636.0,30663509.0,31660772.0,32514841.0,33660465.0,34903712.0,35801886.0,36667828.0,37679698.0,38649988.0,40135466.0,43555212.0,43044804.0,43314475.0,44118360.0,56463034.0,48711483.0,49576332.0,48298829.0,52091023.0,52119886.0,52288817.0,55727739.0,55367557.0,55898514.0,57352542.0,57332343.0,58266456.0,60193500.0,59491259.0,60227264.0,61164151.0,62685757.0,62761160.0,65220425.0,66380035.0,65962823.0,65985015.0,67533533.0,78858002.0,72886325.0,73565343.0,77276472.0,72725110.0,73720978.0,74660039.0,74471983.0,75908277.0,82964671.0,86926916.0,79539094.0,80105889.0,80283115.0,90462452.0,92613051.0,87760838.0,86655712.0,87476057.0,88095522.0,90326034.0,90532746.0,92195108.0,92888494.0,91481305.0,91792975.0,94252832.0,94891914.0,96378122.0,96295606.0,98400279.0,102165209.0],"unit":"ns","throughput":[],"typical":{"estimate":36334.16322742722,"lower_bound":36022.41630971903,"upper_bound":36701.76615864934,"unit":"ns"},"mean":{"estimate":36471.964509218786,"lower_bound":36132.57907705288,"upper_bound":36876.812123353884,"unit":"ns"},"median":{"estimate":35822.81517857143,"lower_bound":35694.16829004329,"upper_bound":35993.5677825328,"unit":"ns"},"median_abs_dev":{"estimate":723.4026665320392,"lower_bound":482.6601298455618,"upper_bound":922.987563340583,"unit":"ns"},"slope":{"estimate":36334.16322742722,"lower_bound":36022.41630971903,"upper_bound":36701.76615864934,"unit":"ns"},"change":{"mean":{"estimate":-0.006057813203184548,"lower_bound":-0.019894426279234573,"upper_bound":0.006689724126256965,"unit":"%"},"median":{"estimate":-0.01287271966039294,"lower_bound":-0.01987861386919243,"upper_bound":-0.005927248377244343,"unit":"%"},"change":"NoChange"}}
{"reason":"group-complete","group_name":"day01.part1.realinput","benchmarks":["day01.part1.realinput/part1"],"report_directory":"/home/ankit/code/aoc/2022/rust/target/criterion/reports/day01.part1.realinput"}
{"reason":"benchmark-complete","id":"day01.part2.realinput/part2","report_directory":"/home/ankit/code/aoc/2022/rust/target/criterion/reports/day01.part2.realinput/part2","iteration_count":[27,54,81,108,135,162,189,216,243,270,297,324,351,378,405,432,459,486,513,540,567,594,621,648,675,702,729,756,783,810,837,864,891,918,945,972,999,1026,1053,1080,1107,1134,1161,1188,1215,1242,1269,1296,1323,1350,1377,1404,1431,1458,1485,1512,1539,1566,1593,1620,1647,1674,1701,1728,1755,1782,1809,1836,1863,1890,1917,1944,1971,1998,2025,2052,2079,2106,2133,2160,2187,2214,2241,2268,2295,2322,2349,2376,2403,2430,2457,2484,2511,2538,2565,2592,2619,2646,2673,2700],"measured_values":[1015145.0,1936533.0,2906573.0,3876733.0,4880026.0,5819307.0,6789998.0,7755611.0,8695613.0,9584129.0,10776420.0,11934877.0,13030354.0,13829240.0,14888841.0,15886643.0,16650391.0,17352653.0,18268881.0,19506349.0,20465817.0,21166717.0,22211719.0,23032956.0,23965055.0,24959863.0,25893322.0,27187287.0,27696352.0,28728399.0,29678983.0,30625527.0,31641956.0,33977726.0,34587303.0,34479518.0,35444158.0,36619136.0,39131352.0,39334587.0,40634333.0,41304683.0,42350908.0,43622330.0,44320694.0,44351843.0,45939244.0,46663667.0,47721104.0,48600571.0,49531868.0,50622868.0,51892587.0,52711078.0,53622327.0,55199067.0,58553169.0,72280245.0,59605165.0,59231315.0,64042000.0,83435664.0,70386153.0,64274681.0,63543394.0,63276648.0,65437106.0,65540141.0,67156067.0,65626826.0,66750086.0,68902479.0,69809129.0,69657572.0,78401176.0,75923045.0,74221718.0,76588868.0,76243964.0,93671219.0,87510042.0,79744944.0,80101901.0,83979105.0,95688083.0,83956082.0,83937597.0,84641832.0,86765119.0,94332872.0,89297793.0,89443750.0,92141586.0,91796202.0,101164722.0,92068167.0,100954113.0,94331811.0,95408643.0,101231207.0],"unit":"ns","throughput":[],"typical":{"estimate":37031.259012309194,"lower_bound":36489.5782658799,"upper_bound":37652.804288819,"unit":"ns"},"mean":{"estimate":36688.14378638979,"lower_bound":36311.77567634128,"upper_bound":37143.17821192905,"unit":"ns"},"median":{"estimate":36100.95725581119,"lower_bound":35962.019841269845,"upper_bound":36232.15071293694,"unit":"ns"},"median_abs_dev":{"estimate":699.8199094858323,"lower_bound":523.8145208764023,"upper_bound":891.8642531339046,"unit":"ns"},"slope":{"estimate":37031.259012309194,"lower_bound":36489.5782658799,"upper_bound":37652.804288819,"unit":"ns"},"change":null}
{"reason":"group-complete","group_name":"day01.part2.realinput","benchmarks":["day01.part2.realinput/part2"],"report_directory":"/home/ankit/code/aoc/2022/rust/target/criterion/reports/day01.part2.realinput"}
