{"reason":"benchmark-complete","id":"day01.soln1.realinput/part1","report_directory":"/home/ankit/code/aoc/2022/rust/target/criterion/reports/day01.soln1.realinput/part1","iteration_count":[28,56,84,112,140,168,196,224,252,280,308,336,364,392,420,448,476,504,532,560,588,616,644,672,700,728,756,784,812,840,868,896,924,952,980,1008,1036,1064,1092,1120,1148,1176,1204,1232,1260,1288,1316,1344,1372,1400,1428,1456,1484,1512,1540,1568,1596,1624,1652,1680,1708,1736,1764,1792,1820,1848,1876,1904,1932,1960,1988,2016,2044,2072,2100,2128,2156,2184,2212,2240,2268,2296,2324,2352,2380,2408,2436,2464,2492,2520,2548,2576,2604,2632,2660,2688,2716,2744,2772,2800],"measured_values":[1014063.0,1987240.0,3086896.0,4283214.0,5156250.0,6150716.0,7009796.0,7988352.0,9010170.0,9930025.0,10988171.0,12015420.0,13036076.0,14155409.0,14833847.0,15862658.0,16773595.0,17777049.0,18797595.0,19826416.0,20918758.0,21651718.0,22672003.0,23593752.0,24718545.0,25541447.0,26850169.0,27454214.0,28545064.0,29517038.0,30549415.0,31566996.0,33617123.0,40925135.0,42354688.0,36114211.0,36921733.0,37712752.0,38788754.0,39908818.0,41349521.0,43031481.0,44409675.0,43612763.0,44997540.0,45464386.0,46165395.0,47446786.0,48373725.0,49497466.0,50217461.0,51171431.0,52171096.0,53591001.0,54573323.0,55281938.0,56240605.0,57260370.0,58234248.0,60464507.0,61135690.0,61535890.0,63136105.0,63852003.0,64934997.0,66072315.0,66787801.0,67536872.0,68575522.0,69820483.0,71005692.0,72350553.0,74586634.0,74286896.0,74861605.0,75734882.0,76854775.0,77939154.0,79036925.0,81019485.0,81751154.0,82458024.0,82165419.0,83228846.0,89171328.0,85797960.0,86798067.0,90024456.0,89384422.0,90040155.0,90283248.0,91820764.0,92841790.0,93700418.0,95605733.0,120061470.0,98571347.0,98105184.0,98023578.0,99185372.0],"unit":"ns","throughput":[],"typical":{"estimate":36011.40789693681,"lower_bound":35671.83310229389,"upper_bound":36570.28579450632,"unit":"ns"},"mean":{"estimate":35917.47170239263,"lower_bound":35663.87394056083,"upper_bound":36226.98492573024,"unit":"ns"},"median":{"estimate":35630.88622694467,"lower_bound":35482.811411521136,"upper_bound":35675.87987012987,"unit":"ns"},"median_abs_dev":{"estimate":390.02016608712347,"lower_bound":288.12199345153294,"upper_bound":500.0348221280358,"unit":"ns"},"slope":{"estimate":36011.40789693681,"lower_bound":35671.83310229389,"upper_bound":36570.28579450632,"unit":"ns"},"change":{"mean":{"estimate":-0.05649047375365934,"lower_bound":-0.07770001667406412,"upper_bound":-0.036572567168814914,"unit":"%"},"median":{"estimate":-0.023663282066226587,"lower_bound":-0.02897647095702338,"upper_bound":-0.020418937929608028,"unit":"%"},"change":"Improved"}}
{"reason":"group-complete","group_name":"day01.soln1.realinput","benchmarks":["day01.soln1.realinput/part2","day01.soln1.realinput/part1"],"report_directory":"/home/ankit/code/aoc/2022/rust/target/criterion/reports/day01.soln1.realinput"}
{"reason":"benchmark-complete","id":"day01.soln1.realinput/part2","report_directory":"/home/ankit/code/aoc/2022/rust/target/criterion/reports/day01.soln1.realinput/part2","iteration_count":[28,56,84,112,140,168,196,224,252,280,308,336,364,392,420,448,476,504,532,560,588,616,644,672,700,728,756,784,812,840,868,896,924,952,980,1008,1036,1064,1092,1120,1148,1176,1204,1232,1260,1288,1316,1344,1372,1400,1428,1456,1484,1512,1540,1568,1596,1624,1652,1680,1708,1736,1764,1792,1820,1848,1876,1904,1932,1960,1988,2016,2044,2072,2100,2128,2156,2184,2212,2240,2268,2296,2324,2352,2380,2408,2436,2464,2492,2520,2548,2576,2604,2632,2660,2688,2716,2744,2772,2800],"measured_values":[1029353.0,2003360.0,2986294.0,3977384.0,5041703.0,6163080.0,6948690.0,7937917.0,9020489.0,9954210.0,10969957.0,11926131.0,13231888.0,13996298.0,14938635.0,15965313.0,17023160.0,18120441.0,27281777.0,22645904.0,28606540.0,23604041.0,23305906.0,23878743.0,24872657.0,25786671.0,26623649.0,28108747.0,28737167.0,29632906.0,30818897.0,31683606.0,32471061.0,33840037.0,35026958.0,35508562.0,42533938.0,44477043.0,39703298.0,39820741.0,41072406.0,42030061.0,44144502.0,43968498.0,44337849.0,45411365.0,46425750.0,47285400.0,48177953.0,53520828.0,51784674.0,52206324.0,52614739.0,53513592.0,54458716.0,55463191.0,56723962.0,57989113.0,59651866.0,59495659.0,60075460.0,61127495.0,67230541.0,64911783.0,65006723.0,65908383.0,74236621.0,85982840.0,67710893.0,68401392.0,70041453.0,72045204.0,72507029.0,74507914.0,74563650.0,75595327.0,77219809.0,78376402.0,79718638.0,79947332.0,81115839.0,85547365.0,83104922.0,84241778.0,84746445.0,86456768.0,86696734.0,87680360.0,88730952.0,91000277.0,91843005.0,91433820.0,92621602.0,93952927.0,97087704.0,97237817.0,99867015.0,100412891.0,98649976.0,99867296.0],"unit":"ns","throughput":[],"typical":{"estimate":36095.79912674956,"lower_bound":35835.094327717394,"upper_bound":36449.247491249225,"unit":"ns"},"mean":{"estimate":36363.61067873469,"lower_bound":35939.90091302598,"upper_bound":36880.057930592055,"unit":"ns"},"median":{"estimate":35689.74456168831,"lower_bound":35578.493006097844,"upper_bound":35762.94117647059,"unit":"ns"},"median_abs_dev":{"estimate":394.37498722921623,"lower_bound":258.60875577642213,"upper_bound":532.7231747089423,"unit":"ns"},"slope":{"estimate":36095.79912674956,"lower_bound":35835.094327717394,"upper_bound":36449.247491249225,"unit":"ns"},"change":{"mean":{"estimate":-0.004532481518129017,"lower_bound":-0.017561597162656373,"upper_bound":0.012384370400507737,"unit":"%"},"median":{"estimate":-0.015275209400688827,"lower_bound":-0.020348946703420318,"upper_bound":-0.011296646363947227,"unit":"%"},"change":"NoChange"}}
{"reason":"group-complete","group_name":"day01.soln1.realinput","benchmarks":["day01.soln1.realinput/part1","day01.soln1.realinput/part2"],"report_directory":"/home/ankit/code/aoc/2022/rust/target/criterion/reports/day01.soln1.realinput"}
