{"reason":"benchmark-complete","id":"day12.part1.realinput/part1","report_directory":"/home/ankit/code/aoc/2022/rust/target/criterion/reports/day12.part1.realinput/part1","iteration_count":[2,4,6,8,10,12,14,16,18,20,22,24,26,28,30,32,34,36,38,40,42,44,46,48,50,52,54,56,58,60,62,64,66,68,70,72,74,76,78,80,82,84,86,88,90,92,94,96,98,100,102,104,106,108,110,112,114,116,118,120,122,124,126,128,130,132,134,136,138,140,142,144,146,148,150,152,154,156,158,160,162,164,166,168,170,172,174,176,178,180,182,184,186,188,190,192,194,196,198,200],"measured_values":[1921605.0,3828352.0,5817135.0,7707891.0,9774683.0,11618140.0,15887638.0,15949205.0,18034380.0,19447080.0,21239169.0,25288912.0,25083693.0,28493120.0,28888631.0,30777914.0,32927071.0,34828288.0,36442239.0,38304832.0,40137820.0,42121162.0,44065140.0,45916743.0,47705145.0,49600540.0,51984463.0,63919903.0,59379169.0,71472340.0,61527184.0,61624830.0,63880509.0,65462470.0,67648286.0,69691051.0,70599965.0,72498517.0,74415232.0,76278848.0,78385284.0,83256093.0,82789669.0,90038688.0,87618218.0,90346003.0,92375732.0,96797962.0,95622492.0,96130395.0,97372831.0,102980851.0,101265787.0,102791160.0,105186574.0,107117157.0,108662007.0,110863423.0,112366504.0,114722323.0,116477673.0,118449583.0,122265953.0,123195767.0,124332574.0,126490316.0,128257919.0,130328958.0,133181799.0,135019856.0,136633608.0,140399201.0,141988506.0,141913113.0,143563093.0,145357196.0,147769371.0,149533729.0,151859320.0,152943257.0,155058488.0,157280223.0,159307510.0,163023478.0,168534943.0,166418699.0,166471378.0,168674198.0,170263933.0,172172243.0,174437599.0,176129150.0,185091970.0,180602334.0,195834469.0,183740457.0,186254215.0,189992749.0,187964560.0,191445354.0],"unit":"ns","throughput":[],"typical":{"estimate":965976.8738525196,"lower_bound":961858.93064704,"upper_bound":971186.6292758391,"unit":"ns"},"mean":{"estimate":973177.2325520343,"lower_bound":966601.2395128756,"upper_bound":981156.6880481306,"unit":"ns"},"median":{"estimate":960968.7183544304,"lower_bound":958448.3461538461,"upper_bound":963187.171875,"unit":"ns"},"median_abs_dev":{"estimate":7825.082573527962,"lower_bound":5128.890570496024,"upper_bound":10638.016062604998,"unit":"ns"},"slope":{"estimate":965976.8738525196,"lower_bound":961858.93064704,"upper_bound":971186.6292758391,"unit":"ns"},"change":{"mean":{"estimate":0.019465045764451405,"lower_bound":0.011115070647187747,"upper_bound":0.029243886048850455,"unit":"%"},"median":{"estimate":0.014700804228758413,"lower_bound":0.01038025687854116,"upper_bound":0.018623584221666434,"unit":"%"},"change":"Regressed"}}
{"reason":"group-complete","group_name":"day12.part1.realinput","benchmarks":["day12.part1.realinput/part1_core","day12.part1.realinput/part1"],"report_directory":"/home/ankit/code/aoc/2022/rust/target/criterion/reports/day12.part1.realinput"}
{"reason":"benchmark-complete","id":"day12.part1.realinput/part1_core","report_directory":"/home/ankit/code/aoc/2022/rust/target/criterion/reports/day12.part1.realinput/part1_core","iteration_count":[2,4,6,8,10,12,14,16,18,20,22,24,26,28,30,32,34,36,38,40,42,44,46,48,50,52,54,56,58,60,62,64,66,68,70,72,74,76,78,80,82,84,86,88,90,92,94,96,98,100,102,104,106,108,110,112,114,116,118,120,122,124,126,128,130,132,134,136,138,140,142,144,146,148,150,152,154,156,158,160,162,164,166,168,170,172,174,176,178,180,182,184,186,188,190,192,194,196,198,200],"measured_values":[1817017.0,3611932.0,5431543.0,7241908.0,9062020.0,11224222.0,12955456.0,15057974.0,16379041.0,18110365.0,19973369.0,22181778.0,25693890.0,25307026.0,27295930.0,28845598.0,31346462.0,32450687.0,34467965.0,36068650.0,37786208.0,40345444.0,42735819.0,43369660.0,49862757.0,47651723.0,48658313.0,53869448.0,53037541.0,54701496.0,56296653.0,58131522.0,60256263.0,61500495.0,63228120.0,65322163.0,66764168.0,68541971.0,70746211.0,72237231.0,74556250.0,75806461.0,82753139.0,83466843.0,81731541.0,83375198.0,86132721.0,87150841.0,88719206.0,100407078.0,95915658.0,96109525.0,98686905.0,97708749.0,99878375.0,101070996.0,103130073.0,106096600.0,106596188.0,108295792.0,111842651.0,114712795.0,119662755.0,117432074.0,117701124.0,120440430.0,121576875.0,123227177.0,127110633.0,132315477.0,131284130.0,132225556.0,139290658.0,137984531.0,132605947.0,134276116.0,135768076.0,144310821.0,145858828.0,142380008.0,154582396.0,151268390.0,149428008.0,157269573.0,154264492.0,156845338.0,156863032.0,157725057.0,162013162.0,161185401.0,163614108.0,167325078.0,167699418.0,168368919.0,171079210.0,179729218.0,186043235.0,181007845.0,179704932.0,180231961.0],"unit":"ns","throughput":[],"typical":{"estimate":914594.4950761046,"lower_bound":909633.9354925979,"upper_bound":919978.4594486611,"unit":"ns"},"mean":{"estimate":916208.866535123,"lower_bound":912144.324026951,"upper_bound":920658.9808131984,"unit":"ns"},"median":{"estimate":908069.3827956989,"lower_bound":906685.6747812714,"upper_bound":912059.55,"unit":"ns"},"median_abs_dev":{"estimate":9863.630780705445,"lower_bound":7475.556771615387,"upper_bound":15214.222711711593,"unit":"ns"},"slope":{"estimate":914594.4950761046,"lower_bound":909633.9354925979,"upper_bound":919978.4594486611,"unit":"ns"},"change":{"mean":{"estimate":0.004659316573498495,"lower_bound":-0.008712276266445947,"upper_bound":0.016677206402704856,"unit":"%"},"median":{"estimate":0.01575952247394774,"lower_bound":0.010724670009182757,"upper_bound":0.021754954813713798,"unit":"%"},"change":"NoChange"}}
{"reason":"group-complete","group_name":"day12.part1.realinput","benchmarks":["day12.part1.realinput/part1","day12.part1.realinput/part1_core"],"report_directory":"/home/ankit/code/aoc/2022/rust/target/criterion/reports/day12.part1.realinput"}
{"reason":"benchmark-complete","id":"day12.part2.realinput/part2","report_directory":"/home/ankit/code/aoc/2022/rust/target/criterion/reports/day12.part2.realinput/part2","iteration_count":[25,25,25,25,25,25,25,25,25,25,25,25,25,25,25,25,25,25,25,25,25,25,25,25,25,25,25,25,25,25,25,25,25,25,25,25,25,25,25,25,25,25,25,25,25,25,25,25,25,25,25,25,25,25,25,25,25,25,25,25,25,25,25,25,25,25,25,25,25,25,25,25,25,25,25,25,25,25,25,25,25,25,25,25,25,25,25,25,25,25,25,25,25,25,25,25,25,25,25,25],"measured_values":[52561692.0,50854102.0,56656439.0,52488994.0,55608171.0,51607932.0,51580911.0,50994558.0,51102894.0,51342269.0,51064020.0,51083127.0,51878926.0,50829746.0,50824747.0,50761225.0,50830868.0,50879852.0,51102614.0,50741538.0,51546386.0,50644605.0,50825358.0,50774040.0,50907163.0,51392253.0,51078848.0,51427030.0,50897244.0,50823494.0,50696063.0,50724086.0,51260413.0,50775704.0,50829756.0,51030086.0,50717854.0,50763199.0,50799409.0,51119666.0,50800110.0,50593197.0,50749985.0,50656638.0,50831829.0,50808796.0,51322771.0,51944982.0,51143461.0,52324402.0,52950139.0,52091840.0,51331207.0,51971061.0,51393126.0,51436116.0,51464671.0,51339875.0,51425627.0,51502331.0,51229906.0,52841272.0,52297180.0,51214557.0,51718292.0,51142369.0,51432750.0,51303565.0,50985652.0,51022312.0,51135376.0,51352077.0,57758389.0,51855954.0,58163789.0,57726821.0,53250578.0,51276143.0,51257188.0,51227591.0,51492123.0,51231789.0,52214553.0,52334911.0,52447105.0,51833380.0,51448811.0,51475892.0,51584728.0,63145390.0,55098915.0,51803403.0,54242740.0,58636657.0,59017779.0,51491412.0,50879440.0,52983021.0,56344468.0,53185315.0],"unit":"ns","throughput":[],"typical":{"estimate":2081997.2155999995,"lower_bound":2066441.4545800001,"upper_bound":2099850.2602899997,"unit":"ns"},"mean":{"estimate":2081997.2155999995,"lower_bound":2066441.4545800001,"upper_bound":2099850.2602899997,"unit":"ns"},"median":{"estimate":2053421.6400000001,"lower_bound":2047421.04,"upper_bound":2058015.74,"unit":"ns"},"median_abs_dev":{"estimate":29697.989724755316,"lower_bound":18927.4643039702,"upper_bound":35750.49655330199,"unit":"ns"},"slope":null,"change":{"mean":{"estimate":-0.9717080830610922,"lower_bound":-0.9719806788279369,"upper_bound":-0.9714257766720534,"unit":"%"},"median":{"estimate":-0.9718790316176722,"lower_bound":-0.9719818068851677,