{"reason":"benchmark-complete","id":"day11.part1.realinput/part1","report_directory":"/home/ankit/code/aoc/2022/rust/target/criterion/reports/day11.part1.realinput/part1","iteration_count":[31,62,93,124,155,186,217,248,279,310,341,372,403,434,465,496,527,558,589,620,651,682,713,744,775,806,837,868,899,930,961,992,1023,1054,1085,1116,1147,1178,1209,1240,1271,1302,1333,1364,1395,1426,1457,1488,1519,1550,1581,1612,1643,1674,1705,1736,1767,1798,1829,1860,1891,1922,1953,1984,2015,2046,2077,2108,2139,2170,2201,2232,2263,2294,2325,2356,2387,2418,2449,2480,2511,2542,2573,2604,2635,2666,2697,2728,2759,2790,2821,2852,2883,2914,2945,2976,3007,3038,3069,3100],"measured_values":[1030515.0,2007948.0,3023274.0,4015976.0,5044918.0,6056587.0,7045461.0,8037724.0,9038120.0,10105855.0,11109459.0,12118021.0,13108590.0,14087968.0,15094787.0,16037415.0,16947501.0,17888925.0,18849306.0,19973289.0,20939802.0,21945098.0,23319655.0,23972132.0,25281506.0,26247787.0,27174987.0,27923366.0,28798375.0,29856952.0,30991925.0,31996420.0,32890385.0,34042270.0,34978997.0,36408949.0,36972939.0,37854319.0,38747845.0,39724596.0,46364670.0,49753285.0,43520945.0,47523987.0,45159664.0,48262679.0,46803792.0,47652592.0,48846786.0,49669677.0,50956127.0,58545591.0,53396204.0,55872581.0,54830955.0,55526263.0,56395913.0,57403503.0,58234831.0,59558591.0,60706318.0,66377513.0,62936617.0,67689901.0,64477028.0,65653059.0,66759287.0,68224286.0,68681673.0,69924039.0,94956683.0,73814888.0,72481399.0,73398788.0,74701839.0,76040999.0,87435939.0,79347911.0,78625030.0,79037743.0,80245233.0,81055159.0,82554412.0,83110696.0,84181157.0,85633341.0,86912587.0,90446118.0,88957064.0,89885996.0,90911651.0,91273988.0,92520222.0,94006190.0,99801551.0,97517529.0,96450535.0,99163561.0,100917045.0,99315860.0],"unit":"ns","throughput":[],"typical":{"estimate":32687.664930855146,"lower_bound":32369.75773598268,"upper_bound":33128.90041502906,"unit":"ns"},"mean":{"estimate":32680.036446099006,"lower_bound":32425.587480050945,"upper_bound":33004.24318422095,"unit":"ns"},"median":{"estimate":32232.393011607433,"lower_bound":32169.776497695853,"upper_bound":32364.462049335863,"unit":"ns"},"median_abs_dev":{"estimate":304.89325724626786,"lower_bound":221.21065516363564,"upper_bound":391.38250112457786,"unit":"ns"},"slope":{"estimate":32687.664930855146,"lower_bound":32369.75773598268,"upper_bound":33128.90041502906,"unit":"ns"},"change":{"mean":{"estimate":0.00436900106756366,"lower_bound":-0.007561052618290221,"upper_bound":0.014641950103412068,"unit":"%"},"median":{"estimate":0.0007030402979142369,"lower_bound":-0.0016406135014780387,"upper_bound":0.005451645424986662,"unit":"%"},"change":"NoChange"}}
{"reason":"group-complete","group_name":"day11.part1.realinput","benchmarks":["day11.part1.realinput/part1_core","day11.part1.realinput/part1"],"report_directory":"/home/ankit/code/aoc/2022/rust/target/criterion/reports/day11.part1.realinput"}
{"reason":"benchmark-complete","id":"day11.part1.realinput/part1_core","report_directory":"/home/ankit/code/aoc/2022/rust/target/criterion/reports/day11.part1.realinput/part1_core","iteration_count":[37,74,111,148,185,222,259,296,333,370,407,444,481,518,555,592,629,666,703,740,777,814,851,888,925,962,999,1036,1073,1110,1147,1184,1221,1258,1295,1332,1369,1406,1443,1480,1517,1554,1591,1628,1665,1702,1739,1776,1813,1850,1887,1924,1961,1998,2035,2072,2109,2146,2183,2220,2257,2294,2331,2368,2405,2442,2479,2516,2553,2590,2627,2664,2701,2738,2775,2812,2849,2886,2923,2960,2997,3034,3071,3108,3145,3182,3219,3256,3293,3330,3367,3404,3441,3478,3515,3552,3589,3626,3663,3700],"measured_values":[1032228.0,2010062.0,2959262.0,3944491.0,5189392.0,6192142.0,8673649.0,8829173.0,9500878.0,9979495.0,10987759.0,11995189.0,12917517.0,13948963.0,14895128.0,15859457.0,16791725.0,17676553.0,18740491.0,20513884.0,21552032.0,21991857.0,22692356.0,23809213.0,24699052.0,25708425.0,26691380.0,27755107.0,28878557.0,30676187.0,30729908.0,31780431.0,32929099.0,33780674.0,34847657.0,35985816.0,36997294.0,38112399.0,39164454.0,41809360.0,42560605.0,46629621.0,42789208.0,45532231.0,45213216.0,44754926.0,46120436.0,46401369.0,47634718.0,48538602.0,49409653.0,50455728.0,51677885.0,55889934.0,55900473.0,57149783.0,59681645.0,57851223.0,60792692.0,62686102.0,61192440.0,61685465.0,63530874.0,64983038.0,66292091.0,66160822.0,68299849.0,68533041.0,68164181.0,71526938.0,70959824.0,72806675.0,74693775.0,81202598.0,79416200.0,76156208.0,76347060.0,78313269.0,79371796.0,80044502.0,80514794.0,81767340.0,82596572.0,83917998.0,85918452.0,86054940.0,86240322.0,87188711.0,89093744.0,89872119.0,91187614.0,92659005.0,92776537.0,95199493.0,94454270.0,96350265.0,95848193.0,97247778.0,98300584.0,100041155.0],"unit":"ns","throughput":[],"typical":{"estimate":27156.555898777453,"lower_bound":27039.643801373655,"upper_bound":27296.212138346207,"unit":"ns"},"mean":{"estimate":27251.290674481508,"lower_bound":27086.375962935505,"upper_bound":27449.248528112992,"unit":"ns"},"median":{"estimate":27016.28490990991,"lower_bound":26943.099720410064,"upper_bound":27094.858928766822,"unit":"ns"},"median_abs_dev":{"estimate":344.76888710701934,"lower_bound":255.6973618326038,"upper_bound":529.3215494617245,"unit":"ns"},"slope":{"estimate":27156.555898777453,"lower_bound":27039.643801373655,"upper_bound":27296.212138346207,"unit":"ns"},"change":{"mean":{"estimate":-0.09773241962416024,"lower_bound":-0.10590659965503438,"upper_bound":-0.08922668015528608,"unit":"%"},"median":{"estimate":-0.0976252463772298,"lower_bound":-0.10097620101755334,"upper_bound":-0.0938708917182628,"unit":"%"},"change":"Improved"}}
{"reason":"group-complete","group_name":"day11.part1.realinput","benchmarks":["day11.part1.realinput/part1","day11.part1.realinput/part1_core"],"report_directory":"/home/ankit/code/aoc/2022/rust/target/criterion/reports/day11.part1.realinput"}
{"reason":"benchmark-complete","id":"day11.part2.realinput/part2","report_directory":"/home/ankit/code/aoc/2022/rust/target/criterion/reports/day11.part2.realinput/part2","iteration_count":[3,3,3,3,3,3,3,3,3,3,3,3,3,3,3,3,3,3,3,3,3,3,3,3,3,3,3,3,3,3,3,3,3,3,3,3,3,3,3,3,3,3,3,3,3,3,3,3,3,3,3,3,3,3,3,3,3,3,3,3,3,3,3,3,3,3,3,3,3,3,3,3,3,3,3,3,3,3,3,3,3,3,3,3,3,3,3,3,3,3,3,3,3,3,3,3,3,3,3,3],"measured_values":[68112313.0,67814669.0,69097120.0,69039992.0,69027659.0,68417923.0,68241858.0,68263860.0,68634433.0,68040507.0,67974712.0,68159894.0,67741118.0,67807484.0,69344209.0,67749665.0,67684712.0,67967348.0,67566147.0,68279559.0,68390020.0,67987366.0,68214316.0,67724697.0,67600974.0,67625940.0,68718913.0,72299745.0,69511536.0,69762162.0,67904288.0,67682078.0,67982196.0,67758582.0,68139755.0,69511196.0,68114467.0,68037732.0,67902224.0,67978098.0,72377371.0,73389921.0,67380966.0,67604810.0,71026339.0,67499771.0,67528626.0,68175433.0,67861748.0,69110626.0,67251840.0,67477208.0,68036639.0,67987847.0,68120999.0,67994199.0,68069962.0,68148521.0,68062188.0,67295624.0,67676346.0,67568141.0,68118084.0,67838683.0,67483320.0,67374594.0,68213565.0,68163259.0,67361349.0,67387378.0,67913136.0,66939849.0,66770838.0,66666100.0,66818079.0,66784946.0,66980376.0,66754928.0,67474453.0,67062011.0,69208943.0,68326038.0,68119727.0,69300265.0,68165284.0,68938530.0,72786778.0,71638460.0,77792520.0,75938906.0,68157268.0,74646325.0,67937221.0,71654419.0,68353069.0,67675154.0,67859353.0,67659544.0,67955225.0,68282446.0],"unit":"ns","throughput":[],"typical":{"estimate":22839856.71666667,"lower_bound":22726727.426666673,"upper_bound":22967868.73000001,"unit":"ns"},"mean":{"estimate":22839856.71666667,"lower_bound":22726727.426666673,"upper_bound":22967868.73000001,"unit":"ns"},"median":{"estimate":22671806.333333336,"lower_bound":22637712.0,"upper_bound":22709913.666666668,"unit":"ns"},"median_abs_dev":{"estimate":172016.19094610584,"lower_bound":129169.54590678123,"upper_bound":268929.797625538,"unit":"ns"},"slope":null,"change":{"mean":{"estimate":0.027388995127872295,"lower_bound":0.019830268976388433,"upper_bound":0.03521625179661464,"unit":"%"},