item,lower_ns,typical_ns,upper_ns
rust.day01.part1.realinput/part1,72312.54661700956,72907.06525681353,73611.18746792378
rust.day01.part1_simd.realinput/part1_simd,106143.45695767493,107146.1175073149,108358.50594429843
rust.day01.part2.realinput/part2,343135.68599895656,346854.4182375253,350943.67645897024
rust.day02.part1.realinput/part1,102018.04018332936,102665.16318191223,103518.74719256804
rust.day02.part2.realinput/part2,102394.77082177602,102778.91724368258,103264.20235672961
rust.TOTAL,726004.5005787464,732351.6814272485,739696.3194204902
