item,lower_ns,typical_ns,upper_ns
rust.day01.part1.realinput/part1,76194.38044508721,76968.87478920813,77821.35926660105
rust.day01.part2.realinput/part2,358181.27848257904,361053.82321856066,364584.0835766894
rust.TOTAL,434375.65892766626,438022.6980077688,442405.44284329045
