item,lower_ns,typical_ns,upper_ns
rust.day01.part1.realinput/part1,79021.60025320982,79510.30872605745,80063.0136705362
rust.day01.part1_simd.realinput/part1_memchr,89368.88013356578,89720.25559761946,90177.18859238917
rust.day02.part1.realinput/part1,40197.72550753318,40480.57226067681,40774.0613432378
rust.day02.part2.realinput/part2,44928.40327918429,45218.105336727705,45555.15927227928
rust.TOTAL,253516.60917349308,254929.24192108144,256569.42287844245
