item,lower_ns,typical_ns,upper_ns
rust.day01.part1.realinput/part1,79021.60025320982,79510.30872605745,80063.0136705362
rust.day01.part1_simd.realinput/part1_memchr,89368.88013356578,89720.25559761946,90177.18859238917
rust.day02.part1.realinput/part1,37375.77599955283,37640.0669370588,37904.3041524816
rust.TOTAL,205766.25638632843,206870.6312607357,208144.50641540697
