item,lower_ns,typical_ns,upper_ns
rust.day01.part1.realinput/part1,72712.55257881837,72896.11420844856,73085.15125573958
rust.day01.part1_simd.realinput/part1_memchr.nosum,88997.74436999043,89519.95880867938,90080.3463008065
rust.day01.part2.realinput/part2,343255.6828752152,346756.30908920744,352214.1516084086
rust.day02.part1.realinput/part1.nosum,30906.01472503598,31077.29067505911,31278.021756645016
rust.day02.part1.realinput/part1_parsing,7137.65423846344,7196.165444559381,7267.748148749158
rust.day02.part2.realinput/part2.nosum,46829.716292787,47062.74879773692,47342.49830831402
rust.day02.part2.realinput/part2_parsing,8879.778399494502,8962.8614967243,9064.681711128673
rust.TOTAL,431985.6680919915,435811.45023893967,441631.732724026
