item,lower_ns,typical_ns,upper_ns
rust.day01.part1.realinput/part1,72029.60465356325,72859.67056598197,73958.20350720358
rust.day01.part1.realinput/part1_core.nosum,70139.8056197001,70645.17538879858,71275.84496926116
rust.day01.part2.realinput/part2,6898766.0909375,7030803.905,7165737.41840625
rust.day01.part2.realinput/part2_core.nosum,7324148.10364286,7464917.874285719,7610517.521428571
rust.TOTAL,6970795.695591063,7103663.575565983,7239695.621913454
