item,lower_ns,typical_ns,upper_ns
rust.day01.part1.realinput/part1,72312.54661700956,72907.06525681353,73611.18746792378
rust.day01.part1_simd.realinput/part1_simd,106143.45695767493,107146.1175073149,108358.50594429843
rust.day01.part2.realinput/part2,343135.68599895656,346854.4182375253,350943.67645897024
rust.day02.part1.realinput/part1,613602.548696095,626921.6384424412,643257.4410676529
rust.day02.part2.realinput/part2,133095.24432563508,134093.86086301168,135362.3837100792
rust.TOTAL,1268289.482595371,1287923.1003071065,1311533.1946489245
