item,lower_ns,typical_ns,upper_ns
rust.day01.part1.realinput/part1,72312.54661700956,72907.06525681353,73611.18746792378
rust.day01.part1_simd.realinput/part1_simd,106143.45695767493,107146.1175073149,108358.50594429843
rust.day01.part2.realinput/part2,343135.68599895656,346854.4182375253,350943.67645897024
rust.day02.part1.realinput/part1,85756.72030532087,86319.41967661692,86972.01687578375
rust.day02.part2.realinput/part2,81214.04408288225,82089.0703456821,83230.82675097762
rust.TOTAL,688562.4539618441,695316.0910239527,703116.2134979537
