item,lower_ns,typical_ns,upper_ns
rust.day01.part1.realinput/part1,79021.60025320982,79510.30872605745,80063.0136705362
rust.day01.part1_simd.realinput/part1_memchr,89368.88013356578,89720.25559761946,90177.18859238917
rust.day02.part1.realinput/part1,49311.149273381736,49754.638060475554,50429.26649071517
rust.day02.part2.realinput/part2,62398.72160128637,62976.54371056772,63649.224111335796
rust.TOTAL,280100.3512614437,281961.7460947202,284318.69286497636
