item,lower_ns,typical_ns,upper_ns
rust.day01.part1.realinput/part1,79021.60025320982,79510.30872605745,80063.0136705362
rust.day01.part1_simd.realinput/part1_memchr,89368.88013356578,89720.25559761946,90177.18859238917
rust.day02.part1.realinput/part1,85573.5110092286,86033.51926481455,86627.08478153737
rust.day02.part2.realinput/part2,81969.68408220635,82225.19481528003,82527.39446331015
rust.TOTAL,335933.67547821056,337489.2784037715,339394.6815077729
