item,lower_ns,typical_ns,upper_ns
rust.day01.part1.realinput/part1,79021.60025320982,79510.30872605745,80063.0136705362
rust.day01.part1_simd.realinput/part1_memchr,89368.88013356578,89720.25559761946,90177.18859238917
rust.day02.part1.realinput/part1.nosum,31445.244908591405,31874.9557258571,32375.673814684553
rust.day02.part1_parsing.realinput/part1_parsing,7041.40687723341,7082.827538136756,7134.233828196998
rust.day02.part2.realinput/part2.nosum,46448.71713110787,46978.57846847798,47621.96036897799
rust.day02.part2_parsing.realinput/part2_parsing,8868.811396197441,8926.43651299297,8994.319205329744
rust.TOTAL,184300.69866020646,185239.82837480662,186368.7552964521
