item,lower_ns,typical_ns,upper_ns
rust.day01.part1.realinput/part1,79021.60025320982,79510.30872605745,80063.0136705362
rust.day01.part1_simd.realinput/part1_memchr,89368.88013356578,89720.25559761946,90177.18859238917
rust.day02.part1.realinput/part1,33831.30674455879,34186.436387468595,34571.016959571425
rust.TOTAL,202221.7871313344,203417.00071114552,204811.2192224968
