item,lower_ns,typical_ns,upper_ns
rust.day01.part1.realinput/part1,72712.55257881837,72896.11420844856,73085.15125573958
rust.day01.part1_simd.realinput/part1_memchr.nosum,88997.74436999043,89519.95880867938,90080.3463008065
rust.day01.part2.realinput/part2,343255.6828752152,346756.30908920744,352214.1516084086
rust.day02.part1.realinput/part1.nosum,31445.244908591405,31874.9557258571,32375.673814684553
rust.day02.part1_parsing.realinput/part1_parsing,7041.40687723341,7082.827538136756,7134.233828196998
rust.day02.part2.realinput/part2.nosum,46448.71713110787,46978.57846847798,47621.96036897799
rust.day02.part2_parsing.realinput/part2_parsing,8868.811396197441,8926.43651299297,8994.319205329744
rust.TOTAL,431878.4537274644,435661.6873487857,441427.8558976749
