{"mean":{"confidence_interval":{"confidence_level":0.95,"lower_bound":-0.014415870392017862,"upper_bound":-0.006927493745427484},"point_estimate":-0.010565902644332326,"standard_error":0.001907807108204989},"median":{"confidence_interval":{"confidence_level":0.95,"lower_bound":-0.013470427385480144,"upper_bound":-0.008545057736612627},"point_estimate":-0.01083491130741776,"standard_error":0.0011464184240821064}}