{"mean":{"confidence_interval":{"confidence_level":0.95,"lower_bound":0.0006500583028386026,"upper_bound":0.005534572618462774},"point_estimate":0.0031005251864850703,"standard_error":0.0012467950998891583},"median":{"confidence_interval":{"confidence_level":0.95,"lower_bound":0.001808888185668156,"upper_bound":0.004350468348656906},"point_estimate":0.0029957894426499987,"standard_error":0.0006601974851360985}}