{"mean":{"confidence_interval":{"confidence_level":0.95,"lower_bound":12347311.781999981,"upper_bound":12408463.01389999},"point_estimate":12374600.28799998,"standard_error":15750.63249656681},"median":{"confidence_interval":{"confidence_level":0.95,"lower_bound":12337951.8,"upper_bound":12373236.8},"point_estimate":12361670.9,"standard_error":8355.10287821403},"median_abs_dev":{"confidence_interval":{"confidence_level":0.95,"lower_bound":42955.34309189021,"upper_bound":71778.2986056788},"point_estimate":54754.04788792078,"standard_error":6744.612082545198},"slope":null,"std_dev":{"confidence_interval":{"confidence_level":0.95,"lower_bound":61005.46595455605,"upper_bound":224737.78579546724},"point_estimate":158799.69876203852,"standard_error":39219.679501750295}}