{"mean":{"confidence_interval":{"confidence_level":0.95,"lower_bound":12671500.5305625,"upper_bound":12717957.2785625},"point_estimate":12692868.9925,"standard_error":11891.653229218351},"median":{"confidence_interval":{"confidence_level":0.95,"lower_bound":12654708.625,"upper_bound":12677456.0},"point_estimate":12668572.25,"standard_error":6543.693810652029},"median_abs_dev":{"confidence_interval":{"confidence_level":0.95,"lower_bound":36870.40809541941,"upper_bound":62238.06429505348},"point_estimate":51449.55493658781,"standard_error":6772.134089279251},"slope":null,"std_dev":{"confidence_interval":{"confidence_level":0.95,"lower_bound":70747.88372180314,"upper_bound":157602.0000916494},"point_estimate":118948.38842487767,"standard_error":22180.752608705574}}