{"item": "day01.part1.realinput/part1", "lower": 36022.41630971903, "typical": 36334.16322742722, "upper": 36701.76615864934}
{"item": "day01.part2.realinput/part2", "lower": 36489.5782658799, "typical": 37031.259012309194, "upper": 37652.804288819}
{"item": "day02.part1.realinput/part1", "lower": 24382.10252526939, "typical": 24624.58267304566, "upper": 24867.358235965825}
{"item": "day02.part2.realinput/part2", "lower": 19680.591027442166, "typical": 19800.925952476453, "upper": 19941.693121988472}
{"item": "day03.part1.realinput/part1", "lower": 242319.1517989415, "typical": 243873.05842116152, "upper": 245769.27319963672}
{"item": "day03.part2.realinput/part2", "lower": 264455.5571327421, "typical": 266226.3398610906, "upper": 268129.8385807615}
{"item": "day04.part1.realinput/part1", "lower": 74708.1497155565, "typical": 75314.40158324903, "upper": 76066.82850468182}
{"item": "day04.part2.realinput/part2", "lower": 75476.24896195171, "typical": 76165.64837389594, "upper": 77098.18928342276}
{"item": "day05.part1.realinput/part1", "lower": 88687.30223514995, "typical": 89429.15518707095, "upper": 90301.46891249837}
{"item": "day05.part1.realinput/part1_core", "lower": 16877.569879124003, "typical": 16997.328948446568, "upper": 17160.841349904582}
{"item": "day05.part2.realinput/part2", "lower": 92171.11680405654, "typical": 93164.78210674798, "upper": 94310.63059074781}
{"item": "day05.part2.realinput/part2_core", "lower": 17817.214892814947, "typical": 18091.52821507737, "upper": 18387.165600288707}
{"item": "day06.part1.realinput/part1", "lower": 438625.9682442856, "typical": 443017.9302349638, "upper": 448763.92627030786}
{"item": "day06.part1.realinput/part1_core", "lower": 439585.9479308481, "typical": 444586.65418846364, "upper": 450588.8875263045}
{"item": "day06.part2.realinput/part2", "lower": 4302307.473333333, "typical": 4330260.622499999, "upper": 4362363.949937503}
{"item": "day06.part2.realinput/part2_core", "lower": 4310898.983479167, "typical": 4354603.685833333, "upper": 4403649.140500002}
{"item": "day06.part2.realinput/part2_windows", "lower": 1146719.5405344865, "typical": 1154029.628068568, "upper": 1162312.2131722253}
{"item": "day07.part1.realinput/part1", "lower": 320341.33685532154, "typical": 322796.88228239986, "upper": 325996.12109519163}
{"item": "day07.part2.realinput/part2", "lower": 319535.22197201545, "typical": 321258.447035614, "upper": 323283.1987015143}
{"item": "day08.part1.realinput/part1", "lower": 435368.987611244, "typical": 438467.5440037437, "upper": 442361.285262996}
{"item": "day08.part1.realinput/part1_core", "lower": 416332.5465345258, "typical": 420182.1162987045, "upper": 425245.8732796991}
{"item": "day08.part2.realinput/part2", "lower": 497840.2639051105, "typical": 501674.3932835821, "upper": 505478.2688950449}
{"item": "day08.part2.realinput/part2_core", "lower": 478508.52920991724, "typical": 483170.38656026794, "upper": 489549.6826046768}
{"item": "day09.txt.part1.realinput/part1", "lower": 351325.81534688396, "typical": 353415.02104034286, "upper": 355596.13692669827}
{"item": "day09.txt.part2.realinput/part2", "lower": 508681.87549810804, "typical": 514135.062847643, "upper": 520032.5512453048}
{"item": "day10.part1.realinput/part1", "lower": 8921.644634143806, "typical": 9009.29261957991, "upper": 9117.315800768452}
{"item": "day10.part2.realinput/part2", "lower": 10070.539389813439, "typical": 10235.431889636724, "upper": 10432.157013010663}
{"item": "day11.part1.realinput/part1", "lower": 32369.75773598268, "typical": 32687.664930855146, "upper": 33128.90041502906}
{"item": "day11.part1.realinput/part1_core", "lower": 27039.643801373655, "typical": 27156.555898777453, "upper": 27296.212138346207}
{"item": "day11.part2.realinput/part2", "lower": 22726727.426666673, "typical": 22839856.71666667, "upper": 22967868.73000001}
{"item": "day11.part2.realinput/part2_core", "lower": 22964807.24375, "typical": 23065829.4, "upper": 23181442.34325001}
{"item": "day12.part1.realinput/part1", "lower": 951864.4532260032, "typical": 959164.6356598197, "upper": 967368.055874644}
{"item": "day12.part1.realinput/part1_core", "lower": 900065.4486382623, "typical": 909815.5793157973, "upper": 922166.7494997669}
{"item": "day12.part2.realinput/part2", "lower": 73194005.867, "typical": 73589824.97, "upper": 74057490.6435}
{"item": "day12.part2.realinput/part2_core", "lower": 74334007.038, "typical": 75224575.67, "upper": 76300189.76}
