{"mean":{"confidence_interval":{"confidence_level":0.95,"lower_bound":-0.0026967638819906173,"upper_bound":0.002856639092504902},"point_estimate":0.00009645558303006396,"standard_error":0.0014075644784394036},"median":{"confidence_interval":{"confidence_level":0.95,"lower_bound":-0.0002979486430935152,"upper_bound":0.0019665563702691014},"point_estimate":0.0010273638101434557,"standard_error":0.0006185112945494172}}