{"mean":{"confidence_interval":{"confidence_level":0.95,"lower_bound":-0.007851021735232834,"upper_bound":0.0008164983125751968},"point_estimate":-0.003435048794589668,"standard_error":0.00219982931688315},"median":{"confidence_interval":{"confidence_level":0.95,"lower_bound":-0.0051190675432836175,"upper_bound":-0.0008076401903557295},"point_estimate":-0.0031220653381140995,"standard_error":0.0009798747332845452}}